season,team,abbreviation,playoffs,w,l,games,win_rate,o_rtg,d_rtg,n_rtg,pace,ts_percent,e_fg_percent,tov_percent,orb_percent,drb_percent,ft_fga,opp_e_fg_percent,opp_tov_percent,opp_ft_fga,pts_per_100_poss,opp_pts_per_100_poss,net_rating_calc
2026,Atlanta Hawks,ATL,False,46.0,36.0,82.0,0.5609756097560976,116.1,113.7,2.4,101.7,0.584,0.554,12.3,24.4,74.5,0.181,0.546,13.9,0.206,116.1,113.7,2.3999999999999915
2026,Boston Celtics,BOS,False,56.0,26.0,82.0,0.6829268292682927,120.8,112.7,8.1,94.8,0.583,0.553,11.2,29.2,75.7,0.167,0.523,11.4,0.189,120.8,112.7,8.099999999999994
2026,Brooklyn Nets,BRK,False,20.0,62.0,82.0,0.24390243902439024,108.7,119.0,-10.3,97.1,0.559,0.52,14.3,23.6,74.0,0.212,0.571,13.2,0.225,108.7,119.0,-10.299999999999997
2026,Chicago Bulls,CHI,False,31.0,51.0,82.0,0.3780487804878049,113.0,118.1,-5.1,102.5,0.58,0.547,13.3,23.1,75.5,0.191,0.553,11.1,0.19,113.0,118.1,-5.099999999999994
2026,Charlotte Hornets,CHO,False,44.0,38.0,82.0,0.5365853658536586,119.4,114.4,5.0,96.8,0.589,0.552,13.5,30.5,76.6,0.2,0.54,11.6,0.186,119.4,114.4,5.0
2026,Cleveland Cavaliers,CLE,False,52.0,30.0,82.0,0.6341463414634146,119.2,115.1,4.1,99.9,0.595,0.561,12.2,26.9,74.4,0.206,0.543,13.1,0.209,119.2,115.1,4.1000000000000085
2026,Dallas Mavericks,DAL,False,26.0,56.0,82.0,0.3170731707317073,111.2,116.5,-5.3,101.7,0.564,0.527,12.6,23.2,74.1,0.217,0.546,11.4,0.183,111.2,116.5,-5.299999999999997
2026,Denver Nuggets,DEN,False,54.0,28.0,82.0,0.6585365853658537,122.6,117.4,5.2,98.4,0.616,0.577,11.5,23.6,75.3,0.237,0.543,10.4,0.196,122.6,117.4,5.199999999999989
2026,Detroit Pistons,DET,True,60.0,22.0,82.0,0.7317073170731707,117.9,109.7,8.2,99.3,0.583,0.546,13.0,30.9,74.2,0.223,0.517,14.8,0.251,117.9,109.7,8.200000000000003
2026,Golden State Warriors,GSW,False,37.0,45.0,82.0,0.45121951219512196,115.0,115.6,-0.6,99.0,0.584,0.549,13.8,25.8,72.9,0.192,0.553,14.0,0.198,115.0,115.6,-0.5999999999999943
2026,Houston Rockets,HOU,False,52.0,30.0,82.0,0.6341463414634146,118.6,113.2,5.4,96.1,0.576,0.542,13.3,34.8,74.5,0.199,0.53,12.1,0.189,118.6,113.2,5.3999999999999915
2026,Indiana Pacers,IND,False,19.0,63.0,82.0,0.23170731707317074,110.9,118.8,-7.9,101.0,0.568,0.533,12.8,21.7,74.1,0.196,0.556,11.7,0.218,110.9,118.8,-7.8999999999999915
2026,Los Angeles Clippers,LAC,False,42.0,40.0,82.0,0.5121951219512195,117.3,116.1,1.2,96.5,0.602,0.559,13.2,23.7,72.9,0.243,0.545,12.9,0.197,117.3,116.1,1.2000000000000028
2026,Los Angeles Lakers,LAL,False,53.0,29.0,82.0,0.6463414634146342,118.2,116.4,1.8,98.3,0.609,0.573,13.2,23.9,74.3,0.244,0.555,13.0,0.191,118.2,116.4,1.7999999999999972
2026,Memphis Grizzlies,MEM,False,25.0,57.0,82.0,0.3048780487804878,112.9,118.8,-5.9,101.3,0.57,0.533,13.0,24.7,70.9,0.199,0.562,13.3,0.203,112.9,118.8,-5.8999999999999915
2026,Miami Heat,MIA,False,43.0,39.0,82.0,0.524390243902439,116.7,114.5,2.2,103.4,0.58,0.542,11.6,25.4,74.9,0.212,0.54,12.8,0.193,116.7,114.5,2.200000000000003
2026,Milwaukee Bucks,MIL,False,32.0,50.0,82.0,0.3902439024390244,112.9,119.3,-6.4,97.6,0.589,0.565,13.9,21.1,74.1,0.163,0.558,11.7,0.215,112.9,119.3,-6.3999999999999915
2026,Minnesota Timberwolves,MIN,False,49.0,33.0,82.0,0.5975609756097561,116.8,113.5,3.3,100.5,0.592,0.559,12.9,25.7,73.7,0.215,0.529,13.0,0.22,116.8,113.5,3.299999999999997
2026,New Orleans Pelicans,NOP,False,26.0,56.0,82.0,0.3170731707317073,114.4,118.9,-4.5,100.3,0.568,0.527,12.2,27.0,71.4,0.222,0.555,12.4,0.199,114.4,118.9,-4.5
2026,New York Knicks,NYK,False,53.0,29.0,82.0,0.6463414634146342,119.8,113.3,6.5,96.8,0.59,0.557,12.1,29.3,76.7,0.188,0.541,13.1,0.206,119.8,113.3,6.5
2026,Oklahoma City Thunder,OKC,True,64.0,18.0,82.0,0.7804878048780488,118.9,107.7,11.2,99.3,0.599,0.561,11.2,22.3,74.4,0.213,0.519,14.6,0.184,118.9,107.7,11.200000000000003
2026,Orlando Magic,ORL,False,45.0,37.0,82.0,0.5487804878048781,114.9,114.3,0.6,100.0,0.576,0.531,12.4,25.0,75.6,0.249,0.545,13.1,0.223,114.9,114.3,0.6000000000000085
2026,Philadelphia 76ers,PHI,False,45.0,37.0,82.0,0.5487804878048781,115.4,115.5,-0.1,99.4,0.572,0.53,11.9,26.2,72.5,0.222,0.541,13.3,0.212,115.4,115.5,-0.09999999999999432
2026,Phoenix Suns,PHO,False,45.0,37.0,82.0,0.5487804878048781,115.4,113.9,1.5,97.2,0.568,0.537,12.8,28.9,71.9,0.176,0.541,14.5,0.217,115.4,113.9,1.5
2026,Portland Trail Blazers,POR,False,42.0,40.0,82.0,0.5121951219512195,114.4,114.7,-0.3,100.5,0.57,0.534,14.6,31.3,72.7,0.214,0.541,13.5,0.215,114.4,114.7,-0.29999999999999716
2026,Sacramento Kings,SAC,False,22.0,60.0,82.0,0.2682926829268293,111.4,121.5,-10.1,99.2,0.56,0.525,12.6,25.9,73.5,0.198,0.572,12.3,0.216,111.4,121.5,-10.099999999999994
2026,San Antonio Spurs,SAS,True,62.0,20.0,82.0,0.7560975609756098,119.6,111.3,8.3,99.9,0.595,0.559,11.8,26.2,77.3,0.215,0.522,11.5,0.18,119.6,111.3,8.299999999999997
2026,Toronto Raptors,TOR,False,46.0,36.0,82.0,0.5609756097560976,115.9,113.0,2.9,98.4,0.581,0.546,12.2,25.5,74.0,0.204,0.54,14.3,0.222,115.9,113.0,2.9000000000000057
2026,Utah Jazz,UTA,False,22.0,60.0,82.0,0.2682926829268293,114.1,122.3,-8.2,102.3,0.575,0.536,13.2,26.2,72.9,0.218,0.578,12.4,0.227,114.1,122.3,-8.200000000000003
2026,Washington Wizards,WAS,False,17.0,65.0,82.0,0.2073170731707317,111.0,122.7,-11.7,101.4,0.566,0.535,13.6,24.1,70.2,0.18,0.563,11.7,0.232,111.0,122.7,-11.700000000000003
2025,Atlanta Hawks,ATL,True,40.0,42.0,82.0,0.4878048780487805,114.6,115.7,-1.1,102.6,0.579,0.546,13.2,26.3,76.0,0.196,0.56,13.8,0.202,114.6,115.7,-1.1000000000000085
2025,Boston Celtics,BOS,True,61.0,21.0,82.0,0.7439024390243902,120.6,111.1,9.5,95.7,0.591,0.561,10.8,25.7,76.0,0.169,0.522,11.6,0.154,120.6,111.1,9.5
2025,Brooklyn Nets,BRK,False,26.0,56.0,82.0,0.3170731707317073,108.5,115.8,-7.3,96.4,0.552,0.516,13.7,24.5,75.0,0.189,0.557,13.7,0.218,108.5,115.8,-7.299999999999997
2025,Chicago Bulls,CHI,True,39.0,43.0,82.0,0.47560975609756095,114.1,115.6,-1.5,102.8,0.585,0.553,12.7,22.3,76.6,0.173,0.539,10.8,0.178,114.1,115.6,-1.5
2025,Charlotte Hornets,CHO,False,19.0,63.0,82.0,0.23170731707317074,107.3,116.6,-9.3,97.6,0.537,0.503,13.7,26.5,74.5,0.174,0.547,11.9,0.19,107.3,116.6,-9.299999999999997
2025,Cleveland Cavaliers,CLE,True,64.0,18.0,82.0,0.7804878048780488,121.7,112.2,9.5,99.8,0.607,0.578,11.6,25.9,74.8,0.187,0.528,12.6,0.181,121.7,112.2,9.5
2025,Dallas Mavericks,DAL,True,39.0,43.0,82.0,0.47560975609756095,114.8,116.0,-1.2,99.2,0.583,0.549,12.5,23.3,73.1,0.203,0.54,11.6,0.179,114.8,116.0,-1.2000000000000028
2025,Denver Nuggets,DEN,True,50.0,32.0,82.0,0.6097560975609756,119.9,116.0,3.9,99.8,0.604,0.573,12.5,26.7,74.6,0.2,0.542,11.3,0.173,119.9,116.0,3.9000000000000057
2025,Detroit Pistons,DET,True,44.0,38.0,82.0,0.5365853658536586,115.0,113.1,1.9,99.8,0.58,0.547,13.0,26.2,76.0,0.192,0.539,13.3,0.214,115.0,113.1,1.9000000000000057
2025,Golden State Warriors,GSW,True,48.0,34.0,82.0,0.5853658536585366,115.0,111.7,3.3,98.7,0.568,0.536,12.3,27.3,75.6,0.187,0.541,14.1,0.189,115.0,111.7,3.299999999999997
2025,Houston Rockets,HOU,True,52.0,30.0,82.0,0.6341463414634146,115.3,110.8,4.5,98.6,0.553,0.523,11.8,31.7,76.2,0.178,0.528,12.8,0.186,115.3,110.8,4.5
2025,Indiana Pacers,IND,True,50.0,32.0,82.0,0.6097560975609756,116.5,114.3,2.2,99.9,0.594,0.562,11.8,21.3,74.5,0.19,0.546,13.1,0.19,116.5,114.3,2.200000000000003
2025,Los Angeles Clippers,LAC,True,50.0,32.0,82.0,0.6097560975609756,115.1,110.3,4.8,97.5,0.589,0.554,13.4,24.4,77.5,0.2,0.536,13.7,0.189,115.1,110.3,4.799999999999997
2025,Los Angeles Lakers,LAL,True,50.0,32.0,82.0,0.6097560975609756,115.9,114.7,1.2,97.6,0.593,0.557,12.7,23.3,74.5,0.213,0.539,12.2,0.178,115.9,114.7,1.2000000000000028
2025,Memphis Grizzlies,MEM,True,48.0,34.0,82.0,0.5853658536585366,117.7,113.0,4.7,103.3,0.588,0.554,13.1,28.7,74.9,0.196,0.533,12.9,0.206,117.7,113.0,4.700000000000003
2025,Miami Heat,MIA,True,37.0,45.0,82.0,0.45121951219512196,113.5,112.9,0.6,96.2,0.576,0.544,12.4,22.3,75.8,0.183,0.543,12.5,0.157,113.5,112.9,0.5999999999999943
2025,Milwaukee Bucks,MIL,True,48.0,34.0,82.0,0.5853658536585366,115.9,113.4,2.5,99.3,0.598,0.568,12.2,19.3,76.2,0.201,0.533,11.4,0.174,115.9,113.4,2.5
2025,Minnesota Timberwolves,MIN,True,49.0,33.0,82.0,0.5975609756097561,116.6,111.5,5.1,97.3,0.588,0.554,13.0,25.8,75.1,0.196,0.532,13.2,0.178,116.6,111.5,5.099999999999994
2025,New Orleans Pelicans,NOP,False,21.0,61.0,82.0,0.25609756097560976,110.4,119.9,-9.5,99.1,0.552,0.519,12.8,26.3,72.7,0.184,0.564,12.3,0.19,110.4,119.9,-9.5
2025,New York Knicks,NYK,True,51.0,31.0,82.0,0.6219512195121951,118.5,114.3,4.2,96.7,0.589,0.556,11.9,26.0,74.5,0.186,0.549,13.1,0.176,118.5,114.3,4.200000000000003
2025,Oklahoma City Thunder,OKC,True,68.0,14.0,82.0,0.8292682926829268,120.3,107.5,12.8,100.0,0.593,0.56,10.3,24.2,74.6,0.18,0.513,14.9,0.211,120.3,107.5,12.799999999999997
2025,Orlando Magic,ORL,True,41.0,41.0,82.0,0.5,109.4,109.6,-0.2,96.1,0.55,0.51,12.9,25.3,77.0,0.208,0.538,15.0,0.22,109.4,109.6,-0.19999999999998863
2025,Philadelphia 76ers,PHI,False,24.0,58.0,82.0,0.2926829268292683,111.9,118.2,-6.3,97.4,0.563,0.527,12.3,23.4,71.8,0.201,0.57,14.3,0.194,111.9,118.2,-6.299999999999997
2025,Phoenix Suns,PHO,False,36.0,46.0,82.0,0.43902439024390244,116.2,119.3,-3.1,97.1,0.595,0.561,12.8,22.6,74.1,0.195,0.552,10.9,0.191,116.2,119.3,-3.0999999999999943
2025,Portland Trail Blazers,POR,False,36.0,46.0,82.0,0.43902439024390244,111.7,114.7,-3.0,98.8,0.555,0.521,13.8,29.2,72.5,0.187,0.543,13.6,0.204,111.7,114.7,-3.0
2025,Sacramento Kings,SAC,True,40.0,42.0,82.0,0.4878048780487805,116.7,116.2,0.5,98.2,0.582,0.548,11.8,25.4,76.9,0.19,0.557,12.5,0.2,116.7,116.2,0.5
2025,San Antonio Spurs,SAS,False,34.0,48.0,82.0,0.4146341463414634,114.4,117.2,-2.8,99.3,0.575,0.544,12.3,24.3,73.0,0.181,0.551,12.0,0.158,114.4,117.2,-2.799999999999997
2025,Toronto Raptors,TOR,False,30.0,52.0,82.0,0.36585365853658536,110.5,114.8,-4.3,99.7,0.553,0.522,13.3,27.3,73.9,0.173,0.541,13.2,0.222,110.5,114.8,-4.299999999999997
2025,Utah Jazz,UTA,False,17.0,65.0,82.0,0.2073170731707317,111.2,120.4,-9.2,100.0,0.568,0.533,14.9,26.9,74.1,0.195,0.559,10.3,0.185,111.2,120.4,-9.200000000000003
2025,Washington Wizards,WAS,False,18.0,64.0,82.0,0.21951219512195122,106.8,119.1,-12.3,100.9,0.546,0.512,13.6,22.7,71.9,0.178,0.548,11.4,0.202,106.8,119.1,-12.299999999999997
2024,Atlanta Hawks,ATL,False,36.0,46.0,82.0,0.43902439024390244,117.2,119.4,-2.2,100.1,0.576,0.539,11.6,27.1,75.2,0.2,0.572,12.4,0.192,117.2,119.4,-2.200000000000003
2024,Boston Celtics,BOS,True,64.0,18.0,82.0,0.7804878048780488,123.2,111.6,11.6,97.2,0.609,0.578,10.8,24.9,76.3,0.18,0.523,10.8,0.145,123.2,111.6,11.600000000000009
2024,Brooklyn Nets,BRK,False,32.0,50.0,82.0,0.3902439024390244,113.2,116.1,-2.9,96.9,0.561,0.531,11.8,25.2,76.0,0.177,0.543,11.4,0.193,113.2,116.1,-2.8999999999999915
2024,Chicago Bulls,CHI,False,39.0,43.0,82.0,0.47560975609756095,114.9,116.3,-1.4,96.3,0.568,0.534,11.0,25.1,76.4,0.187,0.556,12.7,0.195,114.9,116.3,-1.3999999999999915
2024,Charlotte Hornets,CHO,False,21.0,61.0,82.0,0.25609756097560976,109.3,119.8,-10.5,97.3,0.56,0.529,12.6,21.1,74.5,0.167,0.572,12.3,0.188,109.3,119.8,-10.5
2024,Cleveland Cavaliers,CLE,True,48.0,34.0,82.0,0.5853658536585366,115.2,112.7,2.5,97.2,0.586,0.557,12.4,23.2,76.9,0.179,0.535,12.3,0.19,115.2,112.7,2.5
2024,Dallas Mavericks,DAL,True,50.0,32.0,82.0,0.6097560975609756,117.6,115.4,2.2,100.1,0.592,0.562,11.2,22.2,75.2,0.19,0.548,12.1,0.184,117.6,115.4,2.1999999999999886
2024,Denver Nuggets,DEN,True,57.0,25.0,82.0,0.6951219512195121,118.5,113.0,5.5,96.8,0.589,0.562,11.5,25.5,75.6,0.17,0.526,11.2,0.195,118.5,113.0,5.5
2024,Detroit Pistons,DET,False,14.0,68.0,82.0,0.17073170731707318,109.7,118.8,-9.1,99.8,0.562,0.526,13.5,23.9,77.3,0.193,0.558,11.1,0.221,109.7,118.8,-9.099999999999994
2024,Golden State Warriors,GSW,False,46.0,36.0,82.0,0.5609756097560976,117.8,115.2,2.6,99.2,0.586,0.557,12.5,27.5,76.1,0.171,0.539,11.5,0.195,117.8,115.2,2.5999999999999943
2024,Houston Rockets,HOU,False,41.0,41.0,82.0,0.5,114.5,113.4,1.1,99.0,0.565,0.529,11.2,25.1,76.0,0.199,0.533,12.2,0.219,114.5,113.4,1.0999999999999943
2024,Indiana Pacers,IND,True,47.0,35.0,82.0,0.573170731707317,121.0,118.0,3.0,101.7,0.606,0.578,11.3,23.8,74.1,0.173,0.556,12.1,0.228,121.0,118.0,3.0
2024,Los Angeles Clippers,LAC,True,51.0,31.0,82.0,0.6219512195121951,118.8,115.4,3.4,97.2,0.599,0.561,12.0,24.4,74.8,0.211,0.541,11.7,0.183,118.8,115.4,3.3999999999999915
2024,Los Angeles Lakers,LAL,True,47.0,35.0,82.0,0.573170731707317,115.9,115.3,0.6,100.9,0.601,0.566,12.5,19.9,76.2,0.216,0.55,11.7,0.153,115.9,115.3,0.6000000000000085
2024,Memphis Grizzlies,MEM,False,27.0,55.0,82.0,0.32926829268292684,107.2,114.3,-7.1,98.2,0.543,0.509,13.4,23.8,74.8,0.182,0.551,13.5,0.195,107.2,114.3,-7.099999999999994
2024,Miami Heat,MIA,True,46.0,36.0,82.0,0.5609756097560976,114.0,112.2,1.8,96.2,0.578,0.538,11.7,21.8,78.1,0.21,0.543,12.7,0.174,114.0,112.2,1.7999999999999972
2024,Milwaukee Bucks,MIL,True,49.0,33.0,82.0,0.5975609756097561,118.4,115.8,2.6,99.9,0.601,0.568,11.5,21.8,77.2,0.209,0.539,10.6,0.189,118.4,115.8,2.6000000000000085
2024,Minnesota Timberwolves,MIN,True,56.0,26.0,82.0,0.6829268292682927,115.6,109.0,6.6,97.1,0.594,0.559,13.0,23.2,76.9,0.209,0.515,12.9,0.197,115.6,109.0,6.599999999999994
2024,New Orleans Pelicans,NOP,True,49.0,33.0,82.0,0.5975609756097561,117.4,112.9,4.5,97.9,0.591,0.558,11.8,24.4,76.9,0.202,0.541,12.9,0.186,117.4,112.9,4.5
2024,New York Knicks,NYK,True,50.0,32.0,82.0,0.6097560975609756,118.2,113.4,4.8,95.2,0.574,0.54,11.9,29.4,76.1,0.192,0.543,12.3,0.176,118.2,113.4,4.799999999999997
2024,Oklahoma City Thunder,OKC,True,57.0,25.0,82.0,0.6951219512195121,119.5,112.1,7.4,99.8,0.608,0.573,11.4,21.1,73.8,0.198,0.53,13.6,0.202,119.5,112.1,7.400000000000006
2024,Orlando Magic,ORL,True,47.0,35.0,82.0,0.573170731707317,113.4,111.3,2.1,96.9,0.577,0.541,13.3,25.3,78.1,0.218,0.543,13.8,0.206,113.4,111.3,2.1000000000000085
2024,Philadelphia 76ers,PHI,True,47.0,35.0,82.0,0.573170731707317,116.9,113.8,3.1,97.5,0.574,0.532,10.7,24.8,74.3,0.218,0.537,13.1,0.215,116.9,113.8,3.1000000000000085
2024,Phoenix Suns,PHO,True,49.0,33.0,82.0,0.5975609756097561,117.6,114.6,3.0,98.3,0.603,0.565,13.4,25.0,75.6,0.219,0.536,11.3,0.178,117.6,114.6,3.0
2024,Portland Trail Blazers,POR,False,21.0,61.0,82.0,0.25609756097560976,108.3,117.5,-9.2,97.2,0.539,0.503,13.4,27.5,74.0,0.181,0.558,12.8,0.216,108.3,117.5,-9.200000000000003
2024,Sacramento Kings,SAC,False,46.0,36.0,82.0,0.5609756097560976,116.9,115.2,1.7,98.8,0.582,0.556,11.6,24.5,78.4,0.171,0.555,12.5,0.213,116.9,115.2,1.7000000000000028
2024,San Antonio Spurs,SAS,False,22.0,60.0,82.0,0.2682926829268293,110.0,116.4,-6.4,101.1,0.563,0.532,13.2,22.9,76.4,0.172,0.555,11.7,0.174,110.0,116.4,-6.400000000000006
2024,Toronto Raptors,TOR,False,25.0,57.0,82.0,0.3048780487804878,112.3,118.8,-6.5,99.4,0.566,0.535,12.4,24.2,73.9,0.182,0.566,12.2,0.172,112.3,118.8,-6.5
2024,Utah Jazz,UTA,False,31.0,51.0,82.0,0.3780487804878049,115.5,120.4,-4.9,99.5,0.579,0.539,13.6,28.1,75.2,0.209,0.567,10.9,0.182,115.5,120.4,-4.900000000000006
2024,Washington Wizards,WAS,False,15.0,67.0,82.0,0.18292682926829268,110.5,119.6,-9.1,102.7,0.567,0.538,12.2,20.0,72.5,0.169,0.562,12.0,0.201,110.5,119.6,-9.099999999999994
2023,Atlanta Hawks,ATL,True,41.0,41.0,82.0,0.5,116.6,116.3,0.3,100.7,0.579,0.541,11.2,25.1,75.8,0.2,0.552,12.4,0.206,116.6,116.3,0.29999999999999716
2023,Boston Celtics,BOS,True,57.0,25.0,82.0,0.6951219512195121,118.0,111.5,6.5,98.5,0.6,0.566,12.0,22.1,78.5,0.197,0.528,11.3,0.18,118.0,111.5,6.5
2023,Brooklyn Nets,BRK,True,45.0,37.0,82.0,0.5487804878048781,115.0,114.1,0.9,98.3,0.598,0.562,12.7,19.6,73.7,0.208,0.53,12.2,0.212,115.0,114.1,0.9000000000000057
2023,Chicago Bulls,CHI,False,40.0,42.0,82.0,0.4878048780487805,113.5,112.2,1.3,98.5,0.587,0.55,12.2,20.1,77.8,0.203,0.544,13.5,0.197,113.5,112.2,1.2999999999999972
2023,Charlotte Hornets,CHO,False,27.0,55.0,82.0,0.32926829268292684,109.2,115.3,-6.1,100.8,0.55,0.516,12.3,23.8,75.5,0.195,0.544,12.5,0.211,109.2,115.3,-6.099999999999994
2023,Cleveland Cavaliers,CLE,True,51.0,31.0,82.0,0.6219512195121951,116.1,110.6,5.5,95.7,0.59,0.556,12.3,23.6,76.3,0.206,0.535,14.4,0.21,116.1,110.6,5.5
2023,Dallas Mavericks,DAL,False,38.0,44.0,82.0,0.4634146341463415,116.8,116.7,0.1,96.6,0.599,0.565,11.4,18.0,75.5,0.225,0.549,11.9,0.226,116.8,116.7,0.09999999999999432
2023,Denver Nuggets,DEN,True,53.0,29.0,82.0,0.6463414634146342,117.6,114.2,3.4,98.1,0.601,0.573,13.1,24.8,76.4,0.194,0.543,12.2,0.201,117.6,114.2,3.3999999999999915
2023,Detroit Pistons,DET,False,17.0,65.0,82.0,0.2073170731707317,110.7,118.9,-8.2,99.0,0.561,0.52,13.3,24.9,74.0,0.227,0.557,11.9,0.231,110.7,118.9,-8.200000000000003
2023,Golden State Warriors,GSW,True,44.0,38.0,82.0,0.5365853658536586,116.1,114.4,1.7,101.6,0.6,0.571,14.1,24.4,76.0,0.178,0.54,12.3,0.214,116.1,114.4,1.6999999999999886
2023,Houston Rockets,HOU,False,22.0,60.0,82.0,0.2682926829268293,111.4,119.3,-7.9,99.0,0.554,0.516,14.0,30.2,75.8,0.215,0.564,11.8,0.218,111.4,119.3,-7.8999999999999915
2023,Indiana Pacers,IND,False,35.0,47.0,82.0,0.4268292682926829,114.6,117.7,-3.1,101.1,0.581,0.545,13.0,23.4,72.2,0.209,0.554,13.0,0.229,114.6,117.7,-3.1000000000000085
2023,Los Angeles Clippers,LAC,True,44.0,38.0,82.0,0.5365853658536586,115.0,114.5,0.5,98.0,0.588,0.551,12.8,22.9,76.6,0.217,0.543,11.7,0.195,115.0,114.5,0.5
2023,Los Angeles Lakers,LAL,True,43.0,39.0,82.0,0.524390243902439,114.5,113.9,0.6,101.3,0.582,0.542,12.3,22.8,76.3,0.232,0.535,10.9,0.171,114.5,113.9,0.5999999999999943
2023,Memphis Grizzlies,MEM,True,51.0,31.0,82.0,0.6219512195121951,115.1,111.2,3.9,101.1,0.57,0.54,11.7,26.5,75.9,0.19,0.526,13.1,0.206,115.1,111.2,3.8999999999999915
2023,Miami Heat,MIA,True,44.0,38.0,82.0,0.5365853658536586,113.0,113.3,-0.3,96.3,0.574,0.53,12.4,22.8,77.7,0.224,0.561,14.5,0.198,113.0,113.3,-0.29999999999999716
2023,Milwaukee Bucks,MIL,True,58.0,24.0,82.0,0.7073170731707317,115.4,111.9,3.5,100.5,0.583,0.555,12.7,25.0,77.8,0.184,0.52,10.4,0.175,115.4,111.9,3.5
2023,Minnesota Timberwolves,MIN,True,42.0,40.0,82.0,0.5121951219512195,113.7,113.8,-0.1,101.0,0.592,0.56,13.6,21.5,74.3,0.205,0.54,13.3,0.225,113.7,113.8,-0.09999999999999432
2023,New Orleans Pelicans,NOP,False,42.0,40.0,82.0,0.5121951219512195,114.4,112.5,1.9,99.1,0.582,0.543,12.9,24.7,77.4,0.221,0.543,13.4,0.212,114.4,112.5,1.9000000000000057
2023,New York Knicks,NYK,True,47.0,35.0,82.0,0.573170731707317,117.8,114.8,3.0,97.1,0.577,0.541,11.4,28.3,77.1,0.217,0.536,11.4,0.21,117.8,114.8,3.0
2023,Oklahoma City Thunder,OKC,False,40.0,42.0,82.0,0.4878048780487805,115.2,114.2,1.0,101.1,0.57,0.531,11.2,24.7,72.9,0.207,0.547,14.4,0.222,115.2,114.2,1.0
2023,Orlando Magic,ORL,False,34.0,48.0,82.0,0.4146341463414634,111.6,114.2,-2.6,99.3,0.573,0.532,13.4,23.8,77.7,0.227,0.55,13.1,0.211,111.6,114.2,-2.6000000000000085
2023,Philadelphia 76ers,PHI,True,54.0,28.0,82.0,0.6585365853658537,117.7,113.3,4.4,96.9,0.608,0.563,12.6,21.6,77.2,0.25,0.541,13.0,0.217,117.7,113.3,4.400000000000006
2023,Phoenix Suns,PHO,True,45.0,37.0,82.0,0.5487804878048781,115.1,113.0,2.1,98.2,0.57,0.535,12.0,26.6,76.0,0.191,0.532,12.9,0.234,115.1,113.0,2.0999999999999943
2023,Portland Trail Blazers,POR,False,33.0,49.0,82.0,0.4024390243902439,114.8,118.8,-4.0,98.6,0.589,0.549,13.1,22.4,74.9,0.23,0.563,12.1,0.217,114.8,118.8,-4.0
2023,Sacramento Kings,SAC,True,48.0,34.0,82.0,0.5853658536585366,119.4,116.8,2.6,100.3,0.608,0.572,12.0,22.7,77.2,0.225,0.563,12.6,0.203,119.4,116.8,2.6000000000000085
2023,San Antonio Spurs,SAS,False,22.0,60.0,82.0,0.2682926829268293,110.2,120.0,-9.8,101.6,0.554,0.525,13.0,25.6,74.9,0.17,0.576,12.0,0.201,110.2,120.0,-9.799999999999997
2023,Toronto Raptors,TOR,False,41.0,41.0,82.0,0.5,115.5,114.0,1.5,97.1,0.555,0.517,10.3,27.8,76.7,0.201,0.565,15.3,0.223,115.5,114.0,1.5
2023,Utah Jazz,UTA,False,37.0,45.0,82.0,0.45121951219512196,115.8,116.7,-0.9,100.5,0.584,0.547,13.3,26.8,75.2,0.209,0.541,10.9,0.205,115.8,116.7,-0.9000000000000057
2023,Washington Wizards,WAS,False,35.0,47.0,82.0,0.4268292682926829,114.4,115.6,-1.2,98.6,0.585,0.55,12.7,22.6,76.1,0.202,0.54,11.0,0.194,114.4,115.6,-1.1999999999999886
2022,Atlanta Hawks,ATL,True,43.0,39.0,82.0,0.524390243902439,116.5,114.9,1.6,97.7,0.581,0.543,10.8,23.0,76.9,0.205,0.543,11.5,0.177,116.5,114.9,1.5999999999999943
2022,Boston Celtics,BOS,True,51.0,31.0,82.0,0.6219512195121951,114.4,106.9,7.5,96.6,0.578,0.542,12.4,24.0,77.3,0.195,0.502,12.5,0.183,114.4,106.9,7.5
2022,Brooklyn Nets,BRK,True,44.0,38.0,82.0,0.5365853658536586,113.6,112.8,0.8,99.0,0.576,0.54,12.5,23.9,75.1,0.198,0.521,11.7,0.201,113.6,112.8,0.7999999999999972
2022,Chicago Bulls,CHI,True,46.0,36.0,82.0,0.5609756097560976,113.2,113.6,-0.4,98.3,0.579,0.541,11.8,20.4,78.3,0.201,0.541,11.9,0.199,113.2,113.6,-0.3999999999999915
2022,Charlotte Hornets,CHO,False,43.0,39.0,82.0,0.524390243902439,114.1,113.7,0.4,100.0,0.572,0.544,11.6,23.3,74.8,0.173,0.544,13.1,0.187,114.1,113.7,0.3999999999999915
2022,Cleveland Cavaliers,CLE,False,44.0,38.0,82.0,0.5365853658536586,111.9,109.7,2.2,96.1,0.571,0.538,13.2,24.0,76.5,0.198,0.52,12.3,0.172,111.9,109.7,2.200000000000003
2022,Dallas Mavericks,DAL,True,52.0,30.0,82.0,0.6341463414634146,112.8,109.4,3.4,95.4,0.572,0.538,11.7,21.3,78.0,0.192,0.521,12.2,0.185,112.8,109.4,3.3999999999999915
2022,Denver Nuggets,DEN,True,48.0,34.0,82.0,0.5853658536585366,114.5,112.1,2.4,97.8,0.59,0.556,13.2,21.9,78.3,0.194,0.537,11.7,0.188,114.5,112.1,2.4000000000000057
2022,Detroit Pistons,DET,False,23.0,59.0,82.0,0.2804878048780488,106.0,113.8,-7.8,98.4,0.533,0.494,12.6,23.4,75.6,0.194,0.541,13.1,0.226,106.0,113.8,-7.799999999999997
2022,Golden State Warriors,GSW,True,53.0,29.0,82.0,0.6463414634146342,112.5,106.9,5.6,98.4,0.582,0.552,13.5,22.8,78.7,0.181,0.509,13.0,0.201,112.5,106.9,5.599999999999994
2022,Houston Rockets,HOU,False,20.0,62.0,82.0,0.24390243902439024,108.4,116.7,-8.3,100.9,0.565,0.534,14.5,21.7,74.4,0.202,0.554,12.3,0.206,108.4,116.7,-8.299999999999997
2022,Indiana Pacers,IND,False,25.0,57.0,82.0,0.3048780487804878,112.6,116.1,-3.5,98.0,0.564,0.531,12.7,25.5,76.2,0.184,0.552,11.9,0.204,112.6,116.1,-3.5
2022,Los Angeles Clippers,LAC,False,42.0,40.0,82.0,0.5121951219512195,110.1,110.1,0.0,98.0,0.564,0.531,12.5,20.6,74.4,0.178,0.514,12.0,0.167,110.1,110.1,0.0
2022,Los Angeles Lakers,LAL,False,33.0,49.0,82.0,0.4024390243902439,110.3,113.3,-3.0,100.1,0.567,0.537,12.8,21.1,75.8,0.19,0.54,12.2,0.192,110.3,113.3,-3.0
2022,Memphis Grizzlies,MEM,True,56.0,26.0,82.0,0.6829268292682927,114.6,109.0,5.6,100.3,0.553,0.522,11.2,30.0,77.8,0.18,0.523,13.3,0.195,114.6,109.0,5.599999999999994
2022,Miami Heat,MIA,True,53.0,29.0,82.0,0.6463414634146342,113.7,109.1,4.6,95.9,0.584,0.547,13.4,23.5,78.0,0.204,0.524,13.8,0.209,113.7,109.1,4.6000000000000085
2022,Milwaukee Bucks,MIL,True,51.0,31.0,82.0,0.6219512195121951,115.1,111.8,3.3,99.9,0.58,0.546,11.9,23.0,78.6,0.199,0.536,11.6,0.165,115.1,111.8,3.299999999999997
2022,Minnesota Timberwolves,MIN,True,46.0,36.0,82.0,0.5609756097560976,114.3,111.7,2.6,100.9,0.573,0.539,12.4,24.4,74.9,0.198,0.535,14.2,0.227,114.3,111.7,2.5999999999999943
2022,New Orleans Pelicans,NOP,True,36.0,46.0,82.0,0.43902439024390244,112.0,113.0,-1.0,97.2,0.557,0.517,12.5,26.9,78.2,0.208,0.547,13.0,0.196,112.0,113.0,-1.0
2022,New York Knicks,NYK,False,37.0,45.0,82.0,0.45121951219512196,110.4,110.5,-0.1,95.9,0.55,0.513,12.0,25.1,78.8,0.208,0.521,11.7,0.198,110.4,110.5,-0.09999999999999432
2022,Oklahoma City Thunder,OKC,False,24.0,58.0,82.0,0.2926829268292683,104.6,112.8,-8.2,98.6,0.53,0.497,12.5,21.8,76.1,0.169,0.533,11.8,0.169,104.6,112.8,-8.200000000000003
2022,Orlando Magic,ORL,False,22.0,60.0,82.0,0.2682926829268293,104.5,112.5,-8.0,99.2,0.538,0.503,13.0,19.8,77.2,0.175,0.532,11.7,0.196,104.5,112.5,-8.0
2022,Philadelphia 76ers,PHI,True,51.0,31.0,82.0,0.6219512195121951,113.5,110.8,2.7,96.2,0.578,0.534,11.6,20.1,76.8,0.232,0.524,12.1,0.192,113.5,110.8,2.700000000000003
2022,Phoenix Suns,PHO,True,64.0,18.0,82.0,0.7804878048780488,114.8,107.3,7.5,99.8,0.581,0.549,11.6,22.3,77.1,0.176,0.51,13.0,0.195,114.8,107.3,7.5
2022,Portland Trail Blazers,POR,False,27.0,55.0,82.0,0.32926829268292684,107.8,116.9,-9.1,98.3,0.55,0.515,13.0,22.9,76.9,0.188,0.559,12.7,0.222,107.8,116.9,-9.100000000000009
2022,Sacramento Kings,SAC,False,30.0,52.0,82.0,0.36585365853658536,109.9,115.3,-5.4,99.8,0.561,0.525,12.5,21.3,76.0,0.203,0.551,11.9,0.176,109.9,115.3,-5.3999999999999915
2022,San Antonio Spurs,SAS,False,34.0,48.0,82.0,0.4146341463414634,112.4,112.3,0.1,100.0,0.556,0.527,11.1,23.7,75.1,0.166,0.532,12.1,0.176,112.4,112.3,0.10000000000000853
2022,Toronto Raptors,TOR,True,48.0,34.0,82.0,0.5853658536585366,112.9,110.5,2.4,96.0,0.543,0.51,11.0,28.4,75.6,0.177,0.535,14.4,0.199,112.9,110.5,2.4000000000000057
2022,Utah Jazz,UTA,True,49.0,33.0,82.0,0.5975609756097561,116.7,110.5,6.2,97.1,0.589,0.555,12.7,25.4,78.3,0.208,0.521,10.9,0.164,116.7,110.5,6.200000000000003
2022,Washington Wizards,WAS,False,35.0,47.0,82.0,0.4268292682926829,111.1,114.5,-3.4,97.0,0.568,0.532,12.1,20.9,76.9,0.197,0.529,10.7,0.202,111.1,114.5,-3.4000000000000057
2021,Atlanta Hawks,ATL,True,41.0,31.0,72.0,0.5694444444444444,115.7,113.3,2.4,97.6,0.581,0.539,11.9,24.4,77.8,0.226,0.53,11.1,0.19,115.7,113.3,2.4000000000000057
2021,Boston Celtics,BOS,True,36.0,36.0,72.0,0.5,114.0,112.5,1.5,98.3,0.574,0.543,12.5,24.3,78.1,0.181,0.539,12.8,0.215,114.0,112.5,1.5
2021,Brooklyn Nets,BRK,True,48.0,24.0,72.0,0.6666666666666666,118.3,113.8,4.5,99.5,0.61,0.575,12.2,21.4,77.3,0.208,0.531,11.1,0.187,118.3,113.8,4.5
2021,Chicago Bulls,CHI,False,31.0,41.0,72.0,0.4305555555555556,111.1,112.0,-0.9,99.0,0.575,0.547,13.6,22.3,80.3,0.156,0.538,11.6,0.196,111.1,112.0,-0.9000000000000057
2021,Charlotte Hornets,CHO,False,33.0,39.0,72.0,0.4583333333333333,110.9,112.8,-1.9,98.3,0.564,0.532,13.3,23.5,75.7,0.181,0.55,13.2,0.163,110.9,112.8,-1.8999999999999915
2021,Cleveland Cavaliers,CLE,False,22.0,50.0,72.0,0.3055555555555556,105.8,114.4,-8.6,97.3,0.543,0.508,13.9,23.6,76.6,0.194,0.556,13.0,0.183,105.8,114.4,-8.600000000000009
2021,Dallas Mavericks,DAL,True,42.0,30.0,72.0,0.5833333333333334,115.4,113.0,2.4,97.3,0.582,0.55,11.1,21.1,77.8,0.189,0.534,11.5,0.197,115.4,113.0,2.4000000000000057
2021,Denver Nuggets,DEN,True,47.0,25.0,72.0,0.6527777777777778,117.1,112.1,5.0,97.1,0.588,0.557,12.1,24.7,78.9,0.176,0.545,12.9,0.2,117.1,112.1,5.0
2021,Detroit Pistons,DET,False,20.0,52.0,72.0,0.2777777777777778,108.0,112.5,-4.5,97.9,0.556,0.519,13.5,21.9,76.9,0.207,0.541,12.6,0.195,108.0,112.5,-4.5
2021,Golden State Warriors,GSW,False,39.0,33.0,72.0,0.5416666666666666,111.1,110.1,1.0,102.2,0.583,0.551,13.3,17.9,76.6,0.188,0.522,13.1,0.223,111.1,110.1,1.0
2021,Houston Rockets,HOU,False,17.0,55.0,72.0,0.2361111111111111,107.1,114.9,-7.8,101.4,0.553,0.521,13.0,19.8,77.1,0.187,0.555,12.9,0.201,107.1,114.9,-7.800000000000011
2021,Indiana Pacers,IND,False,34.0,38.0,72.0,0.4722222222222222,112.4,112.4,0.0,101.6,0.575,0.542,11.9,20.2,74.9,0.18,0.531,12.7,0.201,112.4,112.4,0.0
2021,Los Angeles Clippers,LAC,True,47.0,25.0,72.0,0.6527777777777778,117.6,111.2,6.4,96.9,0.599,0.564,12.2,22.7,79.1,0.186,0.531,11.9,0.186,117.6,111.2,6.3999999999999915
2021,Los Angeles Lakers,LAL,True,42.0,30.0,72.0,0.5833333333333334,109.9,107.1,2.8,98.7,0.569,0.536,13.6,22.5,79.7,0.2,0.526,13.7,0.184,109.9,107.1,2.8000000000000114
2021,Memphis Grizzlies,MEM,True,38.0,34.0,72.0,0.5277777777777778,112.0,111.0,1.0,100.4,0.56,0.528,11.6,24.2,78.3,0.179,0.535,13.1,0.196,112.0,111.0,1.0
2021,Miami Heat,MIA,True,40.0,32.0,72.0,0.5555555555555556,111.2,111.2,0.0,96.6,0.581,0.546,13.1,19.4,77.9,0.199,0.542,13.8,0.183,111.2,111.2,0.0
2021,Milwaukee Bucks,MIL,True,46.0,26.0,72.0,0.6388888888888888,117.2,111.4,5.8,102.2,0.593,0.566,12.0,23.3,79.7,0.177,0.536,11.5,0.157,117.2,111.4,5.799999999999997
2021,Minnesota Timberwolves,MIN,False,23.0,49.0,72.0,0.3194444444444444,109.5,115.0,-5.5,101.6,0.555,0.52,12.4,22.7,76.8,0.193,0.556,13.3,0.207,109.5,115.0,-5.5
2021,New Orleans Pelicans,NOP,False,31.0,41.0,72.0,0.4305555555555556,113.5,113.8,-0.3,100.1,0.57,0.537,12.7,26.3,80.0,0.214,0.55,11.9,0.186,113.5,113.8,-0.29999999999999716
2021,New York Knicks,NYK,True,41.0,31.0,72.0,0.5694444444444444,110.6,108.2,2.4,95.9,0.559,0.524,11.9,21.9,78.6,0.19,0.509,11.7,0.196,110.6,108.2,2.3999999999999915
2021,Oklahoma City Thunder,OKC,False,22.0,50.0,72.0,0.3055555555555556,103.5,114.0,-10.5,101.0,0.539,0.509,14.2,21.2,77.9,0.176,0.547,11.5,0.167,103.5,114.0,-10.5
2021,Orlando Magic,ORL,False,21.0,51.0,72.0,0.2916666666666667,105.1,114.5,-9.4,98.7,0.527,0.49,11.5,21.6,78.2,0.186,0.547,11.5,0.169,105.1,114.5,-9.400000000000006
2021,Philadelphia 76ers,PHI,True,49.0,23.0,72.0,0.6805555555555556,113.2,107.6,5.6,99.5,0.579,0.541,12.8,23.2,78.2,0.225,0.521,13.8,0.2,113.2,107.6,5.6000000000000085
2021,Phoenix Suns,PHO,True,51.0,21.0,72.0,0.7083333333333334,117.2,111.3,5.9,97.2,0.597,0.564,11.5,20.8,78.5,0.177,0.534,12.4,0.194,117.2,111.3,5.900000000000006
2021,Portland Trail Blazers,POR,True,42.0,30.0,72.0,0.5833333333333334,117.8,116.0,1.8,98.4,0.577,0.54,9.9,23.0,77.5,0.195,0.546,11.2,0.203,117.8,116.0,1.7999999999999972
2021,Sacramento Kings,SAC,False,31.0,41.0,72.0,0.4305555555555556,113.6,117.2,-3.6,100.0,0.578,0.549,12.0,21.3,75.0,0.185,0.557,12.1,0.199,113.6,117.2,-3.6000000000000085
2021,San Antonio Spurs,SAS,False,33.0,39.0,72.0,0.4583333333333333,111.0,112.8,-1.8,98.9,0.554,0.517,10.2,20.0,77.3,0.192,0.541,11.8,0.174,111.0,112.8,-1.7999999999999972
2021,Toronto Raptors,TOR,False,27.0,45.0,72.0,0.375,112.0,112.5,-0.5,99.2,0.567,0.529,11.9,20.8,76.3,0.196,0.543,14.4,0.234,112.0,112.5,-0.5
2021,Utah Jazz,UTA,True,52.0,20.0,72.0,0.7222222222222222,117.6,108.3,9.3,98.5,0.597,0.563,12.7,24.5,79.3,0.195,0.507,10.3,0.159,117.6,108.3,9.299999999999997
2021,Washington Wizards,WAS,True,34.0,38.0,72.0,0.4722222222222222,111.2,113.0,-1.8,104.1,0.569,0.531,12.3,21.3,77.6,0.221,0.539,12.5,0.217,111.2,113.0,-1.7999999999999972
2020,Atlanta Hawks,ATL,False,20.0,47.0,67.0,0.29850746268656714,107.2,114.8,-7.6,103.0,0.554,0.515,13.8,21.6,74.9,0.204,0.543,12.7,0.233,107.2,114.8,-7.599999999999994
2020,Boston Celtics,BOS,True,48.0,24.0,72.0,0.6666666666666666,113.3,107.0,6.3,99.5,0.57,0.531,12.2,23.9,77.4,0.207,0.509,13.5,0.215,113.3,107.0,6.299999999999997
2020,Brooklyn Nets,BRK,True,35.0,37.0,72.0,0.4861111111111111,108.9,109.5,-0.6,101.4,0.554,0.52,13.1,23.2,77.8,0.199,0.511,11.0,0.187,108.9,109.5,-0.5999999999999943
2020,Chicago Bulls,CHI,False,22.0,43.0,65.0,0.3384615384615385,106.7,109.8,-3.1,99.7,0.547,0.515,13.7,22.8,75.6,0.175,0.546,16.3,0.239,106.7,109.8,-3.0999999999999943
2020,Charlotte Hornets,CHO,False,23.0,42.0,65.0,0.35384615384615387,106.3,113.3,-7.0,95.8,0.539,0.504,13.3,23.9,74.4,0.188,0.546,13.1,0.159,106.3,113.3,-7.0
2020,Cleveland Cavaliers,CLE,False,19.0,46.0,65.0,0.2923076923076923,107.5,115.4,-7.9,98.7,0.553,0.522,14.6,24.6,77.4,0.172,0.56,11.7,0.164,107.5,115.4,-7.900000000000006
2020,Dallas Mavericks,DAL,True,43.0,32.0,75.0,0.5733333333333334,116.7,111.7,5.0,99.3,0.581,0.545,11.2,23.2,77.7,0.206,0.525,10.6,0.175,116.7,111.7,5.0
2020,Denver Nuggets,DEN,True,46.0,27.0,73.0,0.6301369863013698,113.1,111.0,2.1,97.1,0.567,0.535,12.3,24.8,76.8,0.183,0.533,12.9,0.198,113.1,111.0,2.0999999999999943
2020,Detroit Pistons,DET,False,20.0,46.0,66.0,0.30303030303030304,109.0,112.7,-3.7,97.6,0.561,0.529,13.8,22.6,75.9,0.194,0.541,12.7,0.186,109.0,112.7,-3.700000000000003
2020,Golden State Warriors,GSW,False,15.0,50.0,65.0,0.23076923076923078,105.2,113.8,-8.6,100.3,0.54,0.497,13.2,21.5,76.4,0.212,0.553,13.7,0.193,105.2,113.8,-8.599999999999994
2020,Houston Rockets,HOU,True,44.0,28.0,72.0,0.6111111111111112,112.9,110.1,2.8,103.7,0.578,0.537,12.6,21.0,75.6,0.228,0.529,13.7,0.197,112.9,110.1,2.8000000000000114
2020,Indiana Pacers,IND,True,45.0,28.0,73.0,0.6164383561643836,110.0,108.0,2.0,98.9,0.565,0.534,12.0,20.0,76.7,0.17,0.511,13.0,0.192,110.0,108.0,2.0
2020,Los Angeles Clippers,LAC,True,49.0,23.0,72.0,0.6805555555555556,113.9,107.6,6.3,101.5,0.577,0.535,12.6,23.5,77.6,0.233,0.506,12.2,0.206,113.9,107.6,6.300000000000011
2020,Los Angeles Lakers,LAL,True,52.0,19.0,71.0,0.7323943661971831,112.0,106.3,5.7,100.9,0.573,0.542,13.3,24.5,78.8,0.201,0.515,14.1,0.205,112.0,106.3,5.700000000000003
2020,Memphis Grizzlies,MEM,False,34.0,39.0,73.0,0.4657534246575342,109.2,110.3,-1.1,102.8,0.561,0.528,13.2,23.0,77.8,0.183,0.521,12.7,0.217,109.2,110.3,-1.0999999999999943
2020,Miami Heat,MIA,True,44.0,29.0,73.0,0.6027397260273972,112.5,109.5,3.0,98.3,0.587,0.547,13.5,20.3,79.5,0.234,0.523,12.6,0.213,112.5,109.5,3.0
2020,Milwaukee Bucks,MIL,True,56.0,17.0,73.0,0.7671232876712328,112.4,102.9,9.5,105.1,0.583,0.552,12.9,20.7,81.6,0.201,0.489,12.0,0.178,112.4,102.9,9.5
2020,Minnesota Timberwolves,MIN,False,19.0,45.0,64.0,0.296875,108.1,112.2,-4.1,103.4,0.551,0.514,13.0,22.1,77.2,0.209,0.541,13.2,0.218,108.1,112.2,-4.1000000000000085
2020,New Orleans Pelicans,NOP,False,30.0,42.0,72.0,0.4166666666666667,110.7,111.9,-1.2,103.7,0.568,0.539,13.9,24.2,77.8,0.186,0.532,12.4,0.212,110.7,111.9,-1.2000000000000028
2020,New York Knicks,NYK,False,21.0,45.0,66.0,0.3181818181818182,106.5,113.0,-6.5,98.6,0.531,0.501,12.6,25.8,78.3,0.182,0.541,12.4,0.224,106.5,113.0,-6.5
2020,Oklahoma City Thunder,OKC,True,44.0,28.0,72.0,0.6111111111111112,110.8,108.8,2.0,98.8,0.573,0.53,12.4,19.3,76.8,0.231,0.518,12.6,0.173,110.8,108.8,2.0
2020,Orlando Magic,ORL,True,33.0,40.0,73.0,0.4520547945205479,108.5,109.5,-1.0,98.6,0.544,0.506,11.5,22.3,79.1,0.198,0.535,13.2,0.176,108.5,109.5,-1.0
2020,Philadelphia 76ers,PHI,True,43.0,30.0,73.0,0.589041095890411,111.3,109.0,2.3,99.0,0.566,0.534,12.7,23.9,80.3,0.193,0.523,12.5,0.214,111.3,109.0,2.299999999999997
2020,Phoenix Suns,PHO,False,34.0,39.0,73.0,0.4657534246575342,111.7,111.4,0.3,101.3,0.576,0.532,13.0,22.2,78.8,0.226,0.539,13.7,0.221,111.7,111.4,0.29999999999999716
2020,Portland Trail Blazers,POR,True,35.0,39.0,74.0,0.47297297297297297,113.7,114.8,-1.1,100.7,0.57,0.533,11.2,22.4,75.3,0.194,0.53,11.2,0.208,113.7,114.8,-1.0999999999999943
2020,Sacramento Kings,SAC,False,31.0,41.0,72.0,0.4305555555555556,110.2,112.2,-2.0,98.9,0.566,0.534,13.0,21.9,78.4,0.177,0.543,13.6,0.225,110.2,112.2,-2.0
2020,San Antonio Spurs,SAS,False,32.0,39.0,71.0,0.4507042253521127,112.4,113.5,-1.1,100.5,0.572,0.531,11.2,20.1,79.2,0.212,0.542,11.7,0.193,112.4,113.5,-1.0999999999999943
2020,Toronto Raptors,TOR,True,53.0,19.0,72.0,0.7361111111111112,111.1,105.0,6.1,100.9,0.574,0.536,13.1,21.3,76.7,0.21,0.502,14.6,0.202,111.1,105.0,6.099999999999994
2020,Utah Jazz,UTA,True,44.0,28.0,72.0,0.6111111111111112,112.3,109.9,2.4,98.6,0.585,0.549,13.7,21.6,78.9,0.208,0.518,11.1,0.185,112.3,109.9,2.3999999999999915
2020,Washington Wizards,WAS,False,25.0,47.0,72.0,0.3472222222222222,110.9,115.5,-4.6,102.7,0.562,0.523,12.2,22.2,75.3,0.213,0.558,13.9,0.231,110.9,115.5,-4.599999999999994
2019,Atlanta Hawks,ATL,False,29.0,53.0,82.0,0.35365853658536583,108.1,113.9,-5.8,103.9,0.555,0.522,14.3,24.7,76.4,0.192,0.541,12.8,0.237,108.1,113.9,-5.800000000000011
2019,Boston Celtics,BOS,True,49.0,33.0,82.0,0.5975609756097561,112.2,107.8,4.4,99.6,0.567,0.534,11.5,21.6,77.0,0.173,0.514,13.4,0.198,112.2,107.8,4.400000000000006
2019,Brooklyn Nets,BRK,True,42.0,40.0,82.0,0.5121951219512195,109.6,109.7,-0.1,100.8,0.556,0.52,13.0,23.8,76.4,0.211,0.512,11.6,0.19,109.6,109.7,-0.10000000000000853
2019,Chicago Bulls,CHI,False,22.0,60.0,82.0,0.2682926829268293,104.8,113.2,-8.4,99.0,0.541,0.505,12.7,19.4,77.3,0.184,0.541,11.9,0.188,104.8,113.2,-8.400000000000006
2019,Charlotte Hornets,CHO,False,39.0,43.0,82.0,0.47560975609756095,111.4,112.5,-1.1,98.7,0.554,0.514,10.9,21.7,77.1,0.205,0.538,12.1,0.179,111.4,112.5,-1.0999999999999943
2019,Cleveland Cavaliers,CLE,False,19.0,63.0,82.0,0.23170731707317074,107.7,117.6,-9.9,96.6,0.54,0.503,12.2,23.7,77.0,0.187,0.564,11.5,0.181,107.7,117.6,-9.899999999999991
2019,Dallas Mavericks,DAL,False,33.0,49.0,82.0,0.4024390243902439,109.4,110.7,-1.3,99.0,0.555,0.519,12.7,22.7,77.5,0.216,0.522,11.6,0.191,109.4,110.7,-1.2999999999999972
2019,Denver Nuggets,DEN,True,54.0,28.0,82.0,0.6585365853658537,113.0,108.9,4.1,97.7,0.558,0.527,11.9,26.6,78.0,0.175,0.521,12.3,0.194,113.0,108.9,4.099999999999994
2019,Detroit Pistons,DET,True,41.0,41.0,82.0,0.5,109.0,109.2,-0.2,97.4,0.544,0.509,12.3,24.8,78.7,0.195,0.526,12.8,0.211,109.0,109.2,-0.20000000000000284
2019,Golden State Warriors,GSW,True,57.0,25.0,82.0,0.6951219512195121,115.9,109.5,6.4,100.9,0.596,0.565,12.6,22.5,77.1,0.182,0.508,11.7,0.205,115.9,109.5,6.400000000000006
2019,Houston Rockets,HOU,True,53.0,29.0,82.0,0.6463414634146342,115.5,110.7,4.8,97.9,0.581,0.542,12.0,22.8,74.4,0.221,0.525,13.4,0.21,115.5,110.7,4.799999999999997
2019,Indiana Pacers,IND,True,48.0,34.0,82.0,0.5853658536585366,109.9,106.5,3.4,98.1,0.561,0.53,12.4,21.9,76.2,0.182,0.516,14.1,0.184,109.9,106.5,3.4000000000000057
2019,Los Angeles Clippers,LAC,True,48.0,34.0,82.0,0.5853658536585366,112.4,111.5,0.9,101.7,0.575,0.529,12.7,22.0,76.0,0.258,0.514,11.4,0.224,112.4,111.5,0.9000000000000057
2019,Los Angeles Lakers,LAL,False,37.0,45.0,82.0,0.45121951219512196,107.8,109.5,-1.7,103.2,0.554,0.527,13.4,22.2,76.4,0.18,0.516,12.2,0.192,107.8,109.5,-1.7000000000000028
2019,Memphis Grizzlies,MEM,False,33.0,49.0,82.0,0.4024390243902439,106.1,108.8,-2.7,96.6,0.548,0.508,12.9,20.0,77.6,0.21,0.521,13.9,0.232,106.1,108.8,-2.700000000000003
2019,Miami Heat,MIA,False,39.0,43.0,82.0,0.47560975609756095,107.3,107.6,-0.3,98.2,0.542,0.515,13.1,24.8,77.6,0.172,0.51,12.7,0.201,107.3,107.6,-0.29999999999999716
2019,Milwaukee Bucks,MIL,True,60.0,22.0,82.0,0.7317073170731707,113.8,105.2,8.6,103.3,0.583,0.55,12.0,20.8,80.3,0.197,0.503,11.5,0.162,113.8,105.2,8.599999999999994
2019,Minnesota Timberwolves,MIN,False,36.0,46.0,82.0,0.43902439024390244,111.4,112.9,-1.5,100.2,0.552,0.511,11.4,24.6,74.9,0.21,0.538,12.9,0.19,111.4,112.9,-1.5
2019,New Orleans Pelicans,NOP,False,33.0,49.0,82.0,0.4024390243902439,111.4,112.6,-1.2,103.3,0.563,0.529,12.6,24.1,76.8,0.193,0.532,11.6,0.193,111.4,112.6,-1.1999999999999886
2019,New York Knicks,NYK,False,17.0,65.0,82.0,0.2073170731707317,104.5,113.7,-9.2,99.6,0.529,0.49,12.4,22.1,76.1,0.205,0.533,11.7,0.203,104.5,113.7,-9.200000000000003
2019,Oklahoma City Thunder,OKC,True,49.0,33.0,82.0,0.5975609756097561,110.3,107.0,3.3,102.8,0.545,0.514,11.7,26.0,78.2,0.19,0.523,14.4,0.206,110.3,107.0,3.299999999999997
2019,Orlando Magic,ORL,True,42.0,40.0,82.0,0.5121951219512195,108.9,108.1,0.8,98.1,0.55,0.518,11.9,22.0,79.7,0.168,0.515,11.8,0.186,108.9,108.1,0.8000000000000114
2019,Philadelphia 76ers,PHI,True,51.0,31.0,82.0,0.6219512195121951,112.6,110.0,2.6,101.6,0.574,0.532,12.9,24.5,78.6,0.241,0.512,11.1,0.206,112.6,110.0,2.5999999999999943
2019,Phoenix Suns,PHO,False,19.0,63.0,82.0,0.23170731707317074,105.9,115.1,-9.2,100.5,0.552,0.514,13.8,20.5,72.5,0.202,0.545,13.5,0.236,105.9,115.1,-9.199999999999989
2019,Portland Trail Blazers,POR,True,53.0,29.0,82.0,0.6463414634146342,114.7,110.5,4.2,99.1,0.568,0.528,12.1,26.6,77.9,0.21,0.516,11.0,0.195,114.7,110.5,4.200000000000003
2019,Sacramento Kings,SAC,False,39.0,43.0,82.0,0.47560975609756095,110.4,111.5,-1.1,103.1,0.554,0.524,11.5,23.1,75.5,0.177,0.533,13.6,0.207,110.4,111.5,-1.0999999999999943
2019,San Antonio Spurs,SAS,True,48.0,34.0,82.0,0.5853658536585366,112.9,111.2,1.7,98.3,0.572,0.534,11.0,21.0,79.4,0.194,0.528,11.0,0.17,112.9,111.2,1.7000000000000028
2019,Toronto Raptors,TOR,True,58.0,24.0,82.0,0.7073170731707317,113.1,107.1,6.0,100.2,0.579,0.543,12.4,21.9,77.1,0.198,0.509,13.1,0.19,113.1,107.1,6.0
2019,Utah Jazz,UTA,True,50.0,32.0,82.0,0.6097560975609756,110.9,105.7,5.2,100.3,0.572,0.538,13.4,22.9,80.3,0.217,0.507,12.4,0.189,110.9,105.7,5.200000000000003
2019,Washington Wizards,WAS,False,32.0,50.0,82.0,0.3902439024390244,111.1,113.9,-2.8,101.4,0.567,0.531,12.3,21.3,74.1,0.204,0.546,13.5,0.199,111.1,113.9,-2.8000000000000114
2018,Atlanta Hawks,ATL,False,24.0,58.0,82.0,0.2926829268292683,105.0,110.6,-5.6,98.3,0.547,0.512,14.1,21.1,76.2,0.185,0.536,13.6,0.183,105.0,110.6,-5.599999999999994
2018,Boston Celtics,BOS,True,55.0,27.0,82.0,0.6707317073170732,107.6,103.9,3.7,96.0,0.552,0.518,13.0,21.5,78.4,0.188,0.495,13.0,0.191,107.6,103.9,3.6999999999999886
2018,Brooklyn Nets,BRK,False,28.0,54.0,82.0,0.34146341463414637,106.9,110.6,-3.7,98.9,0.551,0.514,13.6,21.0,77.0,0.201,0.517,11.0,0.201,106.9,110.6,-3.6999999999999886
2018,Chicago Bulls,CHI,False,27.0,55.0,82.0,0.32926829268292684,103.8,110.9,-7.1,98.3,0.529,0.497,12.6,20.6,80.6,0.164,0.542,12.4,0.184,103.8,110.9,-7.1000000000000085
2018,Charlotte Hornets,CHO,False,36.0,46.0,82.0,0.43902439024390244,109.4,109.1,0.3,98.4,0.549,0.508,11.4,22.2,80.7,0.233,0.532,12.4,0.165,109.4,109.1,0.30000000000001137
2018,Cleveland Cavaliers,CLE,True,50.0,32.0,82.0,0.6097560975609756,112.9,111.9,1.0,98.0,0.584,0.547,12.6,20.1,77.3,0.214,0.54,12.2,0.166,112.9,111.9,1.0
2018,Dallas Mavericks,DAL,False,24.0,58.0,82.0,0.2926829268292683,106.3,109.5,-3.2,95.6,0.544,0.513,11.5,18.0,78.9,0.166,0.532,12.8,0.193,106.3,109.5,-3.200000000000003
2018,Denver Nuggets,DEN,False,46.0,36.0,82.0,0.5609756097560976,112.5,111.0,1.5,96.8,0.57,0.536,13.4,25.7,77.5,0.198,0.539,12.6,0.173,112.5,111.0,1.5
2018,Detroit Pistons,DET,False,39.0,43.0,82.0,0.47560975609756095,107.2,107.3,-0.1,96.2,0.543,0.512,12.3,22.7,78.5,0.169,0.524,13.7,0.172,107.2,107.3,-0.09999999999999432
2018,Golden State Warriors,GSW,True,58.0,24.0,82.0,0.7073170731707317,113.6,107.7,5.9,99.6,0.603,0.569,14.1,21.0,76.3,0.195,0.504,12.6,0.186,113.6,107.7,5.8999999999999915
2018,Houston Rockets,HOU,True,65.0,17.0,82.0,0.7926829268292683,114.7,106.1,8.6,97.6,0.59,0.551,12.7,21.3,79.9,0.233,0.521,13.4,0.171,114.7,106.1,8.600000000000009
2018,Indiana Pacers,IND,True,48.0,34.0,82.0,0.5853658536585366,109.5,108.1,1.4,96.0,0.557,0.525,12.3,22.7,76.2,0.173,0.527,14.2,0.174,109.5,108.1,1.4000000000000057
2018,Los Angeles Clippers,LAC,False,42.0,40.0,82.0,0.5121951219512195,110.3,110.2,0.1,98.7,0.564,0.527,13.2,23.5,76.1,0.222,0.52,12.6,0.203,110.3,110.2,0.09999999999999432
2018,Los Angeles Lakers,LAL,False,35.0,47.0,82.0,0.4268292682926829,106.5,108.0,-1.5,100.3,0.548,0.517,13.8,23.6,77.7,0.188,0.514,12.5,0.19,106.5,108.0,-1.5
2018,Memphis Grizzlies,MEM,False,22.0,60.0,82.0,0.2682926829268293,104.5,111.0,-6.5,94.9,0.539,0.5,14.0,22.4,76.5,0.201,0.529,13.8,0.256,104.5,111.0,-6.5
2018,Miami Heat,MIA,True,44.0,38.0,82.0,0.5365853658536586,106.8,106.3,0.5,95.6,0.551,0.52,13.3,21.5,79.0,0.173,0.507,13.1,0.215,106.8,106.3,0.5
2018,Milwaukee Bucks,MIL,True,44.0,38.0,82.0,0.5365853658536586,109.8,110.1,-0.3,96.3,0.571,0.531,12.9,20.4,75.9,0.22,0.528,14.2,0.22,109.8,110.1,-0.29999999999999716
2018,Minnesota Timberwolves,MIN,True,47.0,35.0,82.0,0.573170731707317,113.4,111.1,2.3,96.0,0.566,0.523,11.4,24.4,76.4,0.225,0.539,13.9,0.189,113.4,111.1,2.3000000000000114
2018,New Orleans Pelicans,NOP,True,48.0,34.0,82.0,0.5853658536585366,109.6,108.3,1.3,100.5,0.573,0.541,13.3,20.0,76.7,0.183,0.513,12.5,0.175,109.6,108.3,1.2999999999999972
2018,New York Knicks,NYK,False,29.0,53.0,82.0,0.35365853658536583,107.1,110.7,-3.6,96.8,0.544,0.51,13.3,24.1,76.7,0.17,0.522,12.1,0.208,107.1,110.7,-3.6000000000000085
2018,Oklahoma City Thunder,OKC,True,48.0,34.0,82.0,0.5853658536585366,110.7,107.2,3.5,96.7,0.546,0.514,12.4,27.7,77.4,0.197,0.525,14.7,0.193,110.7,107.2,3.5
2018,Orlando Magic,ORL,False,25.0,57.0,82.0,0.3048780487804878,105.2,110.1,-4.9,98.1,0.545,0.512,13.3,20.0,75.6,0.18,0.525,12.8,0.187,105.2,110.1,-4.8999999999999915
2018,Philadelphia 76ers,PHI,True,52.0,30.0,82.0,0.6341463414634146,109.5,105.0,4.5,99.8,0.568,0.535,14.6,25.3,78.6,0.198,0.492,12.6,0.218,109.5,105.0,4.5
2018,Phoenix Suns,PHO,False,21.0,61.0,82.0,0.25609756097560976,103.5,112.9,-9.4,100.3,0.532,0.495,13.9,22.5,76.5,0.203,0.533,11.9,0.212,103.5,112.9,-9.400000000000006
2018,Portland Trail Blazers,POR,True,49.0,33.0,82.0,0.5975609756097561,109.1,106.4,2.7,96.5,0.549,0.511,12.3,23.3,79.1,0.192,0.503,11.7,0.193,109.1,106.4,2.6999999999999886
2018,Sacramento Kings,SAC,False,27.0,55.0,82.0,0.32926829268292684,103.7,111.1,-7.4,94.9,0.529,0.502,12.8,21.5,77.6,0.143,0.542,13.5,0.199,103.7,111.1,-7.3999999999999915
2018,San Antonio Spurs,SAS,True,47.0,35.0,82.0,0.573170731707317,107.9,104.8,3.1,95.0,0.543,0.507,12.2,23.7,78.6,0.189,0.507,13.2,0.17,107.9,104.8,3.1000000000000085
2018,Toronto Raptors,TOR,True,59.0,23.0,82.0,0.7195121951219512,113.8,105.9,7.9,97.4,0.575,0.539,12.1,23.0,77.7,0.198,0.501,13.0,0.212,113.8,105.9,7.8999999999999915
2018,Utah Jazz,UTA,True,48.0,34.0,82.0,0.5853658536585366,108.4,103.9,4.5,95.7,0.564,0.527,13.7,21.5,79.8,0.202,0.506,14.0,0.19,108.4,103.9,4.5
2018,Washington Wizards,WAS,True,43.0,39.0,82.0,0.524390243902439,109.3,108.7,0.6,96.6,0.56,0.525,13.3,23.5,77.1,0.196,0.522,13.6,0.212,109.3,108.7,0.5999999999999943
2017,Atlanta Hawks,ATL,True,43.0,39.0,82.0,0.524390243902439,104.9,105.7,-0.8,97.4,0.541,0.504,14.2,23.6,76.1,0.215,0.507,13.8,0.179,104.9,105.7,-0.7999999999999972
2017,Boston Celtics,BOS,True,53.0,29.0,82.0,0.6463414634146342,111.2,108.4,2.8,96.8,0.567,0.525,12.2,21.2,75.3,0.22,0.503,12.6,0.223,111.2,108.4,2.799999999999997
2017,Brooklyn Nets,BRK,False,20.0,62.0,82.0,0.24390243902439024,104.1,110.7,-6.6,101.3,0.551,0.507,14.7,19.6,76.1,0.228,0.513,11.6,0.212,104.1,110.7,-6.6000000000000085
2017,Chicago Bulls,CHI,True,41.0,41.0,82.0,0.5,107.4,107.0,0.4,95.3,0.53,0.487,12.3,27.0,76.8,0.206,0.507,12.4,0.169,107.4,107.0,0.4000000000000057
2017,Charlotte Hornets,CHO,False,36.0,46.0,82.0,0.43902439024390244,108.8,108.6,0.2,95.7,0.547,0.501,10.7,19.9,79.6,0.227,0.523,12.1,0.164,108.8,108.6,0.20000000000000284
2017,Cleveland Cavaliers,CLE,True,51.0,31.0,82.0,0.6219512195121951,113.6,110.3,3.3,96.2,0.58,0.547,12.6,21.9,75.8,0.206,0.516,11.4,0.174,113.6,110.3,3.299999999999997
2017,Dallas Mavericks,DAL,False,33.0,49.0,82.0,0.4024390243902439,105.6,108.8,-3.2,92.2,0.541,0.505,11.6,18.1,77.6,0.18,0.529,14.4,0.218,105.6,108.8,-3.200000000000003
2017,Denver Nuggets,DEN,False,40.0,42.0,82.0,0.4878048780487805,113.2,112.7,0.5,98.3,0.568,0.53,13.2,27.3,78.7,0.214,0.532,10.9,0.194,113.2,112.7,0.5
2017,Detroit Pistons,DET,False,37.0,45.0,82.0,0.45121951219512196,106.0,107.1,-1.1,95.0,0.521,0.492,10.9,24.1,81.2,0.157,0.516,12.1,0.197,106.0,107.1,-1.0999999999999943
2017,Golden State Warriors,GSW,True,67.0,15.0,82.0,0.8170731707317073,115.6,104.0,11.6,99.8,0.597,0.563,13.2,22.8,74.9,0.204,0.486,13.5,0.198,115.6,104.0,11.599999999999994
2017,Houston Rockets,HOU,True,55.0,27.0,82.0,0.6707317073170732,114.7,109.0,5.7,100.0,0.583,0.545,13.3,24.6,75.8,0.233,0.519,13.2,0.194,114.7,109.0,5.700000000000003
2017,Indiana Pacers,IND,True,42.0,40.0,82.0,0.5121951219512195,108.6,108.8,-0.2,95.9,0.558,0.516,12.8,21.2,75.5,0.212,0.512,13.6,0.225,108.6,108.8,-0.20000000000000284
2017,Los Angeles Clippers,LAC,True,51.0,31.0,82.0,0.6219512195121951,112.7,108.2,4.5,96.1,0.574,0.537,12.0,21.5,76.9,0.233,0.506,12.1,0.211,112.7,108.2,4.5
2017,Los Angeles Lakers,LAL,False,26.0,56.0,82.0,0.3170731707317073,106.0,113.0,-7.0,98.5,0.537,0.501,13.5,25.0,75.8,0.195,0.542,13.0,0.213,106.0,113.0,-7.0
2017,Memphis Grizzlies,MEM,True,43.0,39.0,82.0,0.524390243902439,107.7,107.1,0.6,92.3,0.535,0.491,12.1,24.8,77.5,0.219,0.506,13.6,0.256,107.7,107.1,0.6000000000000085
2017,Miami Heat,MIA,False,41.0,41.0,82.0,0.5,107.8,106.7,1.1,95.2,0.541,0.512,12.4,24.2,76.4,0.177,0.496,12.6,0.22,107.8,106.7,1.0999999999999943
2017,Milwaukee Bucks,MIL,True,42.0,40.0,82.0,0.5121951219512195,109.1,109.3,-0.2,94.5,0.565,0.527,13.2,21.5,75.4,0.21,0.518,13.6,0.215,109.1,109.3,-0.20000000000000284
2017,Minnesota Timberwolves,MIN,False,31.0,51.0,82.0,0.3780487804878049,110.8,112.0,-1.2,94.6,0.555,0.511,12.9,27.2,75.9,0.229,0.535,13.2,0.212,110.8,112.0,-1.2000000000000028
2017,New Orleans Pelicans,NOP,False,34.0,48.0,82.0,0.4146341463414634,105.2,107.4,-2.2,98.0,0.539,0.504,11.7,18.5,76.8,0.192,0.509,12.4,0.177,105.2,107.4,-2.200000000000003
2017,New York Knicks,NYK,False,31.0,51.0,82.0,0.3780487804878049,107.7,111.5,-3.8,96.0,0.534,0.496,12.4,26.6,74.1,0.188,0.511,11.7,0.214,107.7,111.5,-3.799999999999997
2017,Oklahoma City Thunder,OKC,True,47.0,35.0,82.0,0.573170731707317,108.3,107.5,0.8,97.8,0.54,0.5,13.2,27.9,79.0,0.22,0.511,12.5,0.218,108.3,107.5,0.7999999999999972
2017,Orlando Magic,ORL,False,29.0,53.0,82.0,0.35365853658536583,103.7,110.5,-6.8,96.8,0.524,0.489,12.1,21.6,77.4,0.184,0.523,11.9,0.201,103.7,110.5,-6.799999999999997
2017,Philadelphia 76ers,PHI,False,28.0,54.0,82.0,0.34146341463414637,103.2,108.9,-5.7,98.5,0.539,0.501,14.9,22.4,75.3,0.199,0.512,13.5,0.234,103.2,108.9,-5.700000000000003
2017,Phoenix Suns,PHO,False,24.0,58.0,82.0,0.2926829268292683,106.6,112.2,-5.6,100.3,0.538,0.493,13.4,26.0,76.4,0.231,0.525,13.1,0.264,106.6,112.2,-5.6000000000000085
2017,Portland Trail Blazers,POR,True,41.0,41.0,82.0,0.5,110.3,110.8,-0.5,96.7,0.559,0.52,12.5,23.0,76.8,0.214,0.508,11.6,0.241,110.3,110.8,-0.5
2017,Sacramento Kings,SAC,False,32.0,50.0,82.0,0.3902439024390244,107.3,111.3,-4.0,94.9,0.556,0.516,13.7,21.0,76.3,0.22,0.528,12.9,0.227,107.3,111.3,-4.0
2017,San Antonio Spurs,SAS,True,61.0,21.0,82.0,0.7439024390243902,111.1,103.5,7.6,94.2,0.564,0.524,12.6,24.0,77.6,0.21,0.492,13.5,0.192,111.1,103.5,7.599999999999994
2017,Toronto Raptors,TOR,True,51.0,31.0,82.0,0.6219512195121951,112.3,107.8,4.5,94.7,0.561,0.517,11.8,25.0,76.3,0.233,0.507,13.5,0.223,112.3,107.8,4.5
2017,Utah Jazz,UTA,True,51.0,31.0,82.0,0.6219512195121951,109.6,105.3,4.3,91.6,0.563,0.526,13.2,23.2,78.9,0.215,0.493,11.8,0.195,109.6,105.3,4.299999999999997
2017,Washington Wizards,WAS,True,49.0,33.0,82.0,0.5975609756097561,111.2,109.3,1.9,97.4,0.564,0.528,12.8,24.1,75.5,0.199,0.524,13.8,0.213,111.2,109.3,1.9000000000000057
2016,Atlanta Hawks,ATL,True,48.0,34.0,82.0,0.5853658536585366,105.1,101.4,3.7,97.1,0.552,0.516,13.8,19.1,74.6,0.185,0.48,14.4,0.194,105.1,101.4,3.6999999999999886
2016,Boston Celtics,BOS,True,48.0,34.0,82.0,0.5853658536585366,106.8,103.6,3.2,98.5,0.531,0.488,12.1,25.1,74.6,0.208,0.487,14.6,0.231,106.8,103.6,3.200000000000003
2016,Brooklyn Nets,BRK,False,21.0,61.0,82.0,0.25609756097560976,103.2,110.9,-7.7,95.2,0.527,0.492,13.6,24.1,75.7,0.186,0.534,13.1,0.176,103.2,110.9,-7.700000000000003
2016,Chicago Bulls,CHI,False,42.0,40.0,82.0,0.5121951219512195,105.0,106.5,-1.5,95.7,0.526,0.487,12.6,24.5,74.9,0.189,0.485,10.7,0.182,105.0,106.5,-1.5
2016,Charlotte Hornets,CHO,True,48.0,34.0,82.0,0.5853658536585366,107.2,104.3,2.9,95.6,0.545,0.502,11.7,20.0,79.8,0.222,0.496,12.5,0.191,107.2,104.3,2.9000000000000057
2016,Cleveland Cavaliers,CLE,True,57.0,25.0,82.0,0.6951219512195121,110.9,104.5,6.4,93.3,0.558,0.524,12.7,25.1,78.5,0.194,0.496,12.6,0.205,110.9,104.5,6.400000000000006
2016,Dallas Mavericks,DAL,True,42.0,40.0,82.0,0.5121951219512195,106.7,107.0,-0.3,94.3,0.544,0.502,12.0,20.6,76.2,0.211,0.504,12.8,0.198,106.7,107.0,-0.29999999999999716
2016,Denver Nuggets,DEN,False,33.0,49.0,82.0,0.4024390243902439,105.6,108.9,-3.3,95.7,0.531,0.489,13.2,25.8,77.3,0.216,0.515,12.6,0.216,105.6,108.9,-3.3000000000000114
2016,Detroit Pistons,DET,True,44.0,38.0,82.0,0.5365853658536586,106.1,105.5,0.6,95.1,0.522,0.491,12.2,27.0,79.3,0.197,0.504,12.5,0.196,106.1,105.5,0.5999999999999943
2016,Golden State Warriors,GSW,True,73.0,9.0,82.0,0.8902439024390244,114.5,103.8,10.7,99.3,0.593,0.563,13.5,23.5,76.0,0.191,0.479,12.6,0.208,114.5,103.8,10.700000000000003
2016,Houston Rockets,HOU,True,41.0,41.0,82.0,0.5,108.3,108.1,0.2,97.6,0.553,0.516,14.2,25.7,72.8,0.244,0.516,14.8,0.219,108.3,108.1,0.20000000000000284
2016,Indiana Pacers,IND,True,45.0,37.0,82.0,0.5487804878048781,104.6,102.9,1.7,96.6,0.536,0.497,13.5,23.4,76.0,0.205,0.489,14.3,0.205,104.6,102.9,1.6999999999999886
2016,Los Angeles Clippers,LAC,True,53.0,29.0,82.0,0.6463414634146342,108.3,103.8,4.5,95.8,0.556,0.524,12.1,20.1,73.8,0.22,0.48,13.8,0.222,108.3,103.8,4.5
2016,Los Angeles Lakers,LAL,False,17.0,65.0,82.0,0.2073170731707317,101.6,111.6,-10.0,95.6,0.509,0.46,12.5,23.1,74.7,0.228,0.523,11.6,0.202,101.6,111.6,-10.0
2016,Memphis Grizzlies,MEM,True,42.0,40.0,82.0,0.5121951219512195,105.4,107.8,-2.4,93.3,0.524,0.477,12.3,25.3,75.1,0.231,0.518,15.2,0.251,105.4,107.8,-2.3999999999999915
2016,Miami Heat,MIA,True,48.0,34.0,82.0,0.5853658536585366,106.1,104.4,1.7,93.6,0.545,0.508,13.3,23.8,77.8,0.21,0.485,12.1,0.196,106.1,104.4,1.6999999999999886
2016,Milwaukee Bucks,MIL,False,33.0,49.0,82.0,0.4024390243902439,104.3,108.7,-4.4,94.2,0.537,0.499,14.2,24.9,73.1,0.207,0.51,14.2,0.221,104.3,108.7,-4.400000000000006
2016,Minnesota Timberwolves,MIN,False,29.0,53.0,82.0,0.35365853658536583,106.5,110.1,-3.6,95.2,0.549,0.498,13.9,24.3,74.7,0.263,0.524,13.6,0.2,106.5,110.1,-3.5999999999999943
2016,New Orleans Pelicans,NOP,False,30.0,52.0,82.0,0.36585365853658536,105.6,109.5,-3.9,96.8,0.537,0.498,12.3,21.2,78.8,0.201,0.523,12.7,0.225,105.6,109.5,-3.9000000000000057
2016,New York Knicks,NYK,False,32.0,50.0,82.0,0.3902439024390244,104.6,107.6,-3.0,93.4,0.527,0.483,12.6,23.7,75.8,0.205,0.487,10.5,0.204,104.6,107.6,-3.0
2016,Oklahoma City Thunder,OKC,True,55.0,27.0,82.0,0.6707317073170732,113.1,105.6,7.5,96.7,0.565,0.524,14.0,31.1,76.0,0.228,0.484,11.7,0.205,113.1,105.6,7.5
2016,Orlando Magic,ORL,False,35.0,47.0,82.0,0.4268292682926829,105.1,106.8,-1.7,96.0,0.533,0.5,12.8,23.1,76.5,0.175,0.513,13.8,0.215,105.1,106.8,-1.7000000000000028
2016,Philadelphia 76ers,PHI,False,10.0,72.0,82.0,0.12195121951219512,98.8,109.2,-10.4,97.9,0.519,0.487,14.8,20.6,74.0,0.186,0.51,13.5,0.24,98.8,109.2,-10.400000000000006
2016,Phoenix Suns,PHO,False,23.0,59.0,82.0,0.2804878048780488,102.2,109.0,-6.8,98.5,0.526,0.487,15.2,25.4,77.1,0.204,0.523,13.5,0.237,102.2,109.0,-6.799999999999997
2016,Portland Trail Blazers,POR,True,44.0,38.0,82.0,0.5365853658536586,108.8,108.0,0.8,96.0,0.548,0.511,13.2,25.9,76.2,0.202,0.503,12.1,0.225,108.8,108.0,0.7999999999999972
2016,Sacramento Kings,SAC,False,33.0,49.0,82.0,0.4024390243902439,106.0,108.4,-2.4,100.0,0.546,0.51,14.2,23.9,74.9,0.214,0.521,14.0,0.202,106.0,108.4,-2.4000000000000057
2016,San Antonio Spurs,SAS,True,67.0,15.0,82.0,0.8170731707317073,110.3,99.0,11.3,93.8,0.564,0.526,12.4,23.0,79.1,0.197,0.477,14.1,0.182,110.3,99.0,11.299999999999997
2016,Toronto Raptors,TOR,True,56.0,26.0,82.0,0.6829268292682927,110.0,105.2,4.8,92.9,0.552,0.504,12.3,24.6,77.7,0.255,0.498,12.7,0.201,110.0,105.2,4.799999999999997
2016,Utah Jazz,UTA,False,40.0,42.0,82.0,0.4878048780487805,105.9,103.9,2.0,91.0,0.54,0.501,14.2,25.9,77.7,0.213,0.495,13.5,0.21,105.9,103.9,2.0
2016,Washington Wizards,WAS,False,41.0,41.0,82.0,0.5,105.3,105.8,-0.5,98.5,0.544,0.511,13.1,20.6,77.7,0.192,0.515,14.6,0.218,105.3,105.8,-0.5
2015,Atlanta Hawks,ATL,True,60.0,22.0,82.0,0.7317073170731707,108.9,103.1,5.8,93.9,0.563,0.527,13.5,21.4,73.4,0.201,0.492,14.9,0.185,108.9,103.1,5.800000000000011
2015,Boston Celtics,BOS,True,40.0,42.0,82.0,0.4878048780487805,104.7,104.5,0.2,95.8,0.523,0.489,12.5,24.7,75.0,0.176,0.494,13.7,0.208,104.7,104.5,0.20000000000000284
2015,Brooklyn Nets,BRK,True,38.0,44.0,82.0,0.4634146341463415,104.4,107.4,-3.0,92.7,0.529,0.491,13.0,23.9,73.7,0.2,0.506,12.9,0.185,104.4,107.4,-3.0
2015,Chicago Bulls,CHI,True,50.0,32.0,82.0,0.6097560975609756,107.5,104.3,3.2,92.8,0.536,0.489,12.9,27.0,74.4,0.238,0.473,11.3,0.182,107.5,104.3,3.200000000000003
2015,Charlotte Hornets,CHO,False,33.0,49.0,82.0,0.4024390243902439,100.1,103.5,-3.4,93.0,0.498,0.456,11.2,22.1,79.3,0.202,0.487,12.0,0.188,100.1,103.5,-3.4000000000000057
2015,Cleveland Cavaliers,CLE,True,53.0,29.0,82.0,0.6463414634146342,111.1,106.3,4.8,92.3,0.557,0.52,13.4,26.8,74.7,0.216,0.502,12.6,0.177,111.1,106.3,4.799999999999997
2015,Dallas Mavericks,DAL,True,50.0,32.0,82.0,0.6097560975609756,109.5,106.4,3.1,95.2,0.55,0.515,11.9,23.6,72.2,0.197,0.503,14.7,0.204,109.5,106.4,3.0999999999999943
2015,Denver Nuggets,DEN,False,30.0,52.0,82.0,0.36585365853658536,104.5,108.2,-3.7,96.1,0.518,0.479,12.7,26.6,74.7,0.204,0.504,13.0,0.239,104.5,108.2,-3.700000000000003
2015,Detroit Pistons,DET,False,32.0,50.0,82.0,0.3902439024390244,105.3,106.4,-1.1,92.8,0.515,0.482,12.3,27.7,75.0,0.184,0.502,13.2,0.192,105.3,106.4,-1.1000000000000085
2015,Golden State Warriors,GSW,True,67.0,15.0,82.0,0.8170731707317073,111.6,101.4,10.2,98.3,0.571,0.54,13.1,24.1,74.5,0.184,0.47,14.3,0.217,111.6,101.4,10.199999999999989
2015,Houston Rockets,HOU,True,56.0,26.0,82.0,0.6829268292682927,107.0,103.4,3.6,96.5,0.548,0.512,15.0,26.8,72.9,0.223,0.486,14.6,0.208,107.0,103.4,3.5999999999999943
2015,Indiana Pacers,IND,False,38.0,44.0,82.0,0.4634146341463415,103.5,103.2,0.3,93.2,0.523,0.484,13.1,24.0,77.9,0.201,0.478,12.0,0.217,103.5,103.2,0.29999999999999716
2015,Los Angeles Clippers,LAC,True,56.0,26.0,82.0,0.6829268292682927,112.4,105.5,6.9,94.7,0.565,0.533,11.6,22.8,75.7,0.215,0.493,13.2,0.231,112.4,105.5,6.900000000000006
2015,Los Angeles Lakers,LAL,False,21.0,61.0,82.0,0.25609756097560976,103.4,110.6,-7.2,94.0,0.513,0.473,12.1,25.4,76.3,0.204,0.518,12.1,0.231,103.4,110.6,-7.199999999999989
2015,Memphis Grizzlies,MEM,True,55.0,27.0,82.0,0.6707317073170732,105.7,102.2,3.5,92.0,0.531,0.489,12.6,24.7,75.3,0.214,0.492,14.5,0.183,105.7,102.2,3.5
2015,Miami Heat,MIA,False,37.0,45.0,82.0,0.45121951219512196,103.9,106.7,-2.8,90.9,0.54,0.5,14.5,23.2,73.4,0.227,0.505,14.2,0.213,103.9,106.7,-2.799999999999997
2015,Milwaukee Bucks,MIL,True,41.0,41.0,82.0,0.5,102.7,102.2,0.5,94.1,0.536,0.499,15.5,25.4,73.3,0.195,0.487,15.9,0.221,102.7,102.2,0.5
2015,Minnesota Timberwolves,MIN,False,16.0,66.0,82.0,0.1951219512195122,102.9,112.2,-9.3,94.4,0.517,0.468,13.7,26.6,71.6,0.24,0.537,13.9,0.187,102.9,112.2,-9.299999999999997
2015,New Orleans Pelicans,NOP,True,45.0,37.0,82.0,0.5487804878048781,108.2,107.3,0.9,91.4,0.537,0.501,12.5,27.1,75.1,0.198,0.496,11.7,0.195,108.2,107.3,0.9000000000000057
2015,New York Knicks,NYK,False,17.0,65.0,82.0,0.2073170731707317,99.9,110.0,-10.1,91.2,0.508,0.47,14.0,24.5,73.1,0.18,0.512,13.3,0.234,99.9,110.0,-10.099999999999994
2015,Oklahoma City Thunder,OKC,False,45.0,37.0,82.0,0.5487804878048781,107.8,105.5,2.3,95.7,0.532,0.492,13.1,28.9,75.6,0.214,0.489,12.4,0.213,107.8,105.5,2.299999999999997
2015,Orlando Magic,ORL,False,25.0,57.0,82.0,0.3048780487804878,101.6,107.7,-6.1,93.8,0.524,0.494,14.0,23.1,76.0,0.168,0.514,13.6,0.21,101.6,107.7,-6.1000000000000085
2015,Philadelphia 76ers,PHI,False,18.0,64.0,82.0,0.21951219512195122,95.5,104.8,-9.3,95.7,0.494,0.459,16.0,25.5,73.0,0.195,0.497,15.2,0.225,95.5,104.8,-9.299999999999997
2015,Phoenix Suns,PHO,False,39.0,43.0,82.0,0.47560975609756095,105.3,106.2,-0.9,96.3,0.537,0.501,13.7,24.5,73.5,0.191,0.497,14.0,0.221,105.3,106.2,-0.9000000000000057
2015,Portland Trail Blazers,POR,True,51.0,31.0,82.0,0.6219512195121951,108.2,103.7,4.5,94.2,0.544,0.508,12.6,24.2,76.2,0.18,0.476,11.3,0.182,108.2,103.7,4.5
2015,Sacramento Kings,SAC,False,29.0,53.0,82.0,0.35365853658536583,105.3,109.2,-3.9,95.4,0.542,0.49,14.8,26.5,75.2,0.276,0.507,11.8,0.2,105.3,109.2,-3.9000000000000057
2015,San Antonio Spurs,SAS,True,55.0,27.0,82.0,0.6707317073170732,108.5,102.0,6.5,93.8,0.555,0.517,13.1,23.4,77.3,0.2,0.484,13.3,0.19,108.5,102.0,6.5
2015,Toronto Raptors,TOR,True,49.0,33.0,82.0,0.5975609756097561,111.0,107.7,3.3,92.8,0.553,0.508,12.0,25.6,73.3,0.232,0.506,13.4,0.208,111.0,107.7,3.299999999999997
2015,Utah Jazz,UTA,False,38.0,44.0,82.0,0.4634146341463415,105.1,104.9,0.2,90.4,0.531,0.494,14.6,29.1,76.3,0.214,0.491,12.8,0.199,105.1,104.9,0.19999999999998863
2015,Washington Wizards,WAS,True,46.0,36.0,82.0,0.5609756097560976,103.7,103.0,0.7,93.7,0.534,0.499,14.0,24.9,77.3,0.192,0.481,12.9,0.21,103.7,103.0,0.7000000000000028
2014,Atlanta Hawks,ATL,True,38.0,44.0,82.0,0.4634146341463415,105.9,106.4,-0.5,94.6,0.554,0.515,14.3,21.0,74.4,0.208,0.51,14.0,0.196,105.9,106.4,-0.5
2014,Boston Celtics,BOS,False,25.0,57.0,82.0,0.3048780487804878,102.9,107.7,-4.8,93.3,0.517,0.477,14.2,27.4,74.2,0.193,0.505,13.4,0.227,102.9,107.7,-4.799999999999997
2014,Brooklyn Nets,BRK,True,44.0,38.0,82.0,0.5365853658536586,106.7,107.7,-1.0,91.4,0.555,0.514,14.1,21.7,72.3,0.236,0.509,14.9,0.236,106.7,107.7,-1.0
2014,Charlotte Bobcats,CHA,True,43.0,39.0,82.0,0.524390243902439,103.6,103.8,-0.2,92.4,0.522,0.481,11.7,21.9,77.6,0.219,0.491,12.6,0.183,103.6,103.8,-0.20000000000000284
2014,Chicago Bulls,CHI,True,48.0,34.0,82.0,0.5853658536585366,102.5,100.5,2.0,90.2,0.518,0.471,14.2,27.2,75.4,0.226,0.471,13.7,0.189,102.5,100.5,2.0
2014,Cleveland Cavaliers,CLE,False,33.0,49.0,82.0,0.4024390243902439,104.2,107.7,-3.5,93.1,0.518,0.479,13.0,27.2,75.8,0.201,0.508,13.0,0.199,104.2,107.7,-3.5
2014,Dallas Mavericks,DAL,True,49.0,33.0,82.0,0.5975609756097561,111.2,108.7,2.5,93.5,0.564,0.526,12.7,24.6,72.7,0.201,0.515,14.8,0.229,111.2,108.7,2.5
2014,Denver Nuggets,DEN,False,36.0,46.0,82.0,0.43902439024390244,106.0,108.2,-2.2,98.1,0.536,0.497,14.0,27.5,74.5,0.222,0.5,12.8,0.233,106.0,108.2,-2.200000000000003
2014,Detroit Pistons,DET,False,29.0,53.0,82.0,0.35365853658536583,105.9,109.7,-3.8,94.9,0.514,0.482,12.9,31.4,73.4,0.199,0.52,13.8,0.218,105.9,109.7,-3.799999999999997
2014,Golden State Warriors,GSW,True,51.0,31.0,82.0,0.6219512195121951,107.5,102.6,4.9,96.2,0.55,0.517,13.8,25.1,76.3,0.186,0.477,13.6,0.224,107.5,102.6,4.900000000000006
2014,Houston Rockets,HOU,True,54.0,28.0,82.0,0.6585365853658537,111.0,106.3,4.7,96.3,0.571,0.531,14.6,27.4,74.1,0.275,0.489,12.5,0.193,111.0,106.3,4.700000000000003
2014,Indiana Pacers,IND,True,56.0,26.0,82.0,0.6829268292682927,104.1,99.3,4.8,92.5,0.535,0.49,14.3,24.9,76.8,0.226,0.46,12.9,0.197,104.1,99.3,4.799999999999997
2014,Los Angeles Clippers,LAC,True,57.0,25.0,82.0,0.6951219512195121,112.1,104.8,7.3,95.9,0.567,0.526,12.7,25.0,72.5,0.258,0.484,13.8,0.222,112.1,104.8,7.299999999999997
2014,Los Angeles Lakers,LAL,False,27.0,55.0,82.0,0.32926829268292684,104.2,110.6,-6.4,98.7,0.542,0.505,13.7,20.2,71.0,0.199,0.513,12.4,0.192,104.2,110.6,-6.3999999999999915
2014,Memphis Grizzlies,MEM,True,50.0,32.0,82.0,0.6097560975609756,106.3,104.6,1.7,89.9,0.529,0.494,13.1,28.3,75.7,0.184,0.497,13.8,0.199,106.3,104.6,1.7000000000000028
2014,Miami Heat,MIA,True,54.0,28.0,82.0,0.6585365853658537,110.9,105.8,5.1,91.2,0.59,0.554,14.6,20.6,73.0,0.228,0.511,15.8,0.212,110.9,105.8,5.1000000000000085
2014,Milwaukee Bucks,MIL,False,15.0,67.0,82.0,0.18292682926829268,103.0,111.8,-8.8,91.8,0.519,0.479,14.1,27.1,71.4,0.204,0.52,13.2,0.225,103.0,111.8,-8.799999999999997
2014,Minnesota Timberwolves,MIN,False,40.0,42.0,82.0,0.4878048780487805,108.9,106.2,2.7,97.3,0.535,0.486,12.2,27.4,74.4,0.249,0.518,14.8,0.177,108.9,106.2,2.700000000000003
2014,New Orleans Pelicans,NOP,False,34.0,48.0,82.0,0.4146341463414634,107.2,110.1,-2.9,92.2,0.537,0.495,12.9,26.9,73.8,0.22,0.515,13.6,0.249,107.2,110.1,-2.8999999999999915
2014,New York Knicks,NYK,False,37.0,45.0,82.0,0.45121951219512196,108.3,109.1,-0.8,90.3,0.541,0.505,12.5,25.1,74.3,0.189,0.514,14.0,0.245,108.3,109.1,-0.7999999999999972
2014,Oklahoma City Thunder,OKC,True,59.0,23.0,82.0,0.7195121951219512,110.5,103.9,6.6,95.4,0.566,0.52,14.0,26.5,75.6,0.244,0.488,13.9,0.221,110.5,103.9,6.599999999999994
2014,Orlando Magic,ORL,False,23.0,59.0,82.0,0.2804878048780488,101.7,107.4,-5.7,93.6,0.525,0.487,13.9,22.4,75.5,0.193,0.504,13.0,0.211,101.7,107.4,-5.700000000000003
2014,Philadelphia 76ers,PHI,False,19.0,63.0,82.0,0.23170731707317074,99.4,109.9,-10.5,99.2,0.51,0.475,14.8,24.8,72.4,0.19,0.524,14.9,0.244,99.4,109.9,-10.5
2014,Phoenix Suns,PHO,False,48.0,34.0,82.0,0.5853658536585366,109.5,106.7,2.8,95.8,0.558,0.519,14.0,26.4,73.7,0.222,0.496,13.9,0.237,109.5,106.7,2.799999999999997
2014,Portland Trail Blazers,POR,True,54.0,28.0,82.0,0.6585365853658537,111.5,107.4,4.1,94.9,0.548,0.504,12.4,28.0,74.7,0.22,0.488,10.9,0.194,111.5,107.4,4.099999999999994
2014,Sacramento Kings,SAC,False,28.0,54.0,82.0,0.34146341463414637,105.7,108.8,-3.1,94.4,0.532,0.484,13.9,27.8,76.6,0.251,0.512,12.7,0.234,105.7,108.8,-3.0999999999999943
2014,San Antonio Spurs,SAS,True,62.0,20.0,82.0,0.7560975609756098,110.5,102.4,8.1,95.0,0.571,0.537,13.5,22.7,76.4,0.188,0.482,12.8,0.184,110.5,102.4,8.099999999999994
2014,Toronto Raptors,TOR,True,48.0,34.0,82.0,0.5853658536585366,108.8,105.3,3.5,91.8,0.545,0.498,13.2,27.2,74.9,0.239,0.493,14.1,0.237,108.8,105.3,3.5
2014,Utah Jazz,UTA,False,25.0,57.0,82.0,0.3048780487804878,103.5,111.3,-7.8,91.4,0.523,0.484,13.9,25.5,74.5,0.202,0.518,12.1,0.227,103.5,111.3,-7.799999999999997
2014,Washington Wizards,WAS,True,44.0,38.0,82.0,0.5365853658536586,106.0,104.6,1.4,93.2,0.538,0.506,13.6,25.2,75.7,0.181,0.504,15.0,0.22,106.0,104.6,1.4000000000000057
2013,Atlanta Hawks,ATL,True,44.0,38.0,82.0,0.5365853658536586,104.8,104.4,0.4,92.6,0.546,0.517,14.2,22.2,73.6,0.174,0.496,14.2,0.181,104.8,104.4,0.3999999999999915
2013,Boston Celtics,BOS,True,41.0,40.0,81.0,0.5061728395061729,103.1,103.3,-0.2,91.7,0.542,0.503,14.1,20.1,73.3,0.204,0.482,14.2,0.216,103.1,103.3,-0.20000000000000284
2013,Brooklyn Nets,BRK,True,49.0,33.0,82.0,0.5975609756097561,108.2,106.2,2.0,88.8,0.536,0.498,14.0,30.9,73.7,0.219,0.503,13.1,0.174,108.2,106.2,2.0
2013,Charlotte Bobcats,CHA,False,21.0,61.0,82.0,0.25609756097560976,101.5,111.5,-10.0,91.5,0.507,0.46,13.2,25.7,71.1,0.233,0.524,13.2,0.197,101.5,111.5,-10.0
2013,Chicago Bulls,CHI,True,45.0,37.0,82.0,0.5487804878048781,103.5,103.2,0.3,89.3,0.512,0.47,13.6,29.4,73.6,0.201,0.477,13.2,0.206,103.5,103.2,0.29999999999999716
2013,Cleveland Cavaliers,CLE,False,24.0,58.0,82.0,0.2926829268292683,104.3,109.4,-5.1,92.3,0.514,0.473,13.0,28.1,72.6,0.2,0.523,14.4,0.225,104.3,109.4,-5.1000000000000085
2013,Dallas Mavericks,DAL,False,41.0,41.0,82.0,0.5,105.9,106.5,-0.6,94.1,0.544,0.506,13.0,21.8,73.1,0.192,0.492,13.3,0.227,105.9,106.5,-0.5999999999999943
2013,Denver Nuggets,DEN,True,57.0,25.0,82.0,0.6951219512195121,110.4,105.1,5.3,95.1,0.549,0.515,13.6,31.4,71.8,0.216,0.493,14.3,0.193,110.4,105.1,5.300000000000011
2013,Detroit Pistons,DET,False,29.0,53.0,82.0,0.35365853658536583,103.8,108.1,-4.3,90.8,0.521,0.487,14.3,28.3,73.0,0.197,0.505,13.1,0.209,103.8,108.1,-4.299999999999997
2013,Golden State Warriors,GSW,True,47.0,35.0,82.0,0.573170731707317,106.4,105.5,0.9,94.5,0.545,0.506,14.0,25.4,75.5,0.201,0.486,12.4,0.211,106.4,105.5,0.9000000000000057
2013,Houston Rockets,HOU,True,45.0,37.0,82.0,0.5487804878048781,109.7,106.1,3.6,96.1,0.564,0.525,14.9,26.4,75.2,0.232,0.502,13.5,0.196,109.7,106.1,3.6000000000000085
2013,Indiana Pacers,IND,True,49.0,32.0,81.0,0.6049382716049383,104.3,99.8,4.5,90.2,0.521,0.479,14.3,30.3,74.6,0.219,0.453,12.9,0.197,104.3,99.8,4.5
2013,Los Angeles Clippers,LAC,True,56.0,26.0,82.0,0.6829268292682927,110.6,103.6,7.0,91.1,0.557,0.526,13.9,28.8,73.5,0.203,0.492,15.4,0.229,110.6,103.6,7.0
2013,Los Angeles Lakers,LAL,True,45.0,37.0,82.0,0.5487804878048781,107.8,106.6,1.2,94.4,0.548,0.512,13.9,27.0,74.3,0.239,0.496,11.9,0.163,107.8,106.6,1.2000000000000028
2013,Memphis Grizzlies,MEM,True,56.0,26.0,82.0,0.6829268292682927,104.9,100.3,4.6,88.4,0.514,0.472,13.3,31.0,74.3,0.202,0.475,15.2,0.209,104.9,100.3,4.6000000000000085
2013,Miami Heat,MIA,True,66.0,16.0,82.0,0.8048780487804879,112.3,103.7,8.6,90.7,0.588,0.552,13.7,22.2,73.0,0.224,0.487,14.8,0.2,112.3,103.7,8.599999999999994
2013,Milwaukee Bucks,MIL,True,38.0,44.0,82.0,0.4634146341463415,103.6,105.2,-1.6,94.7,0.51,0.476,12.7,27.9,71.3,0.174,0.492,14.4,0.201,103.6,105.2,-1.6000000000000085
2013,Minnesota Timberwolves,MIN,False,31.0,51.0,82.0,0.3780487804878049,102.9,105.4,-2.5,92.8,0.516,0.473,13.8,27.4,74.0,0.226,0.511,15.0,0.187,102.9,105.4,-2.5
2013,New Orleans Hornets,NOH,False,27.0,55.0,82.0,0.32926829268292684,105.7,110.1,-4.4,88.5,0.528,0.489,14.0,29.2,74.4,0.193,0.52,13.1,0.208,105.7,110.1,-4.3999999999999915
2013,New York Knicks,NYK,True,54.0,28.0,82.0,0.6585365853658537,111.1,106.3,4.8,89.8,0.55,0.515,11.7,25.6,74.7,0.196,0.508,14.8,0.216,111.1,106.3,4.799999999999997
2013,Oklahoma City Thunder,OKC,True,60.0,22.0,82.0,0.7317073170731707,112.4,102.6,9.8,93.3,0.58,0.527,14.4,26.7,73.4,0.28,0.469,13.5,0.197,112.4,102.6,9.800000000000011
2013,Orlando Magic,ORL,False,20.0,62.0,82.0,0.24390243902439024,101.6,109.1,-7.5,92.2,0.514,0.485,13.7,25.4,74.6,0.149,0.508,11.8,0.195,101.6,109.1,-7.5
2013,Philadelphia 76ers,PHI,False,34.0,48.0,82.0,0.4146341463414634,102.0,105.7,-3.7,91.0,0.509,0.481,12.5,24.9,73.4,0.146,0.495,13.7,0.2,102.0,105.7,-3.700000000000003
2013,Phoenix Suns,PHO,False,25.0,57.0,82.0,0.3048780487804878,101.2,108.1,-6.9,93.4,0.512,0.477,14.3,27.0,71.9,0.174,0.512,14.2,0.208,101.2,108.1,-6.8999999999999915
2013,Portland Trail Blazers,POR,False,33.0,49.0,82.0,0.4024390243902439,105.8,109.2,-3.4,91.4,0.536,0.498,13.9,25.3,73.3,0.194,0.512,12.5,0.189,105.8,109.2,-3.4000000000000057
2013,Sacramento Kings,SAC,False,28.0,54.0,82.0,0.34146341463414637,106.2,111.4,-5.2,93.6,0.532,0.491,13.4,26.6,71.0,0.208,0.517,13.6,0.227,106.2,111.4,-5.200000000000003
2013,San Antonio Spurs,SAS,True,58.0,24.0,82.0,0.7073170731707317,108.3,101.6,6.7,94.2,0.568,0.531,14.0,20.5,74.9,0.204,0.48,13.7,0.179,108.3,101.6,6.700000000000003
2013,Toronto Raptors,TOR,False,34.0,48.0,82.0,0.4146341463414634,105.9,107.5,-1.6,90.4,0.532,0.488,13.0,25.5,73.4,0.216,0.5,13.6,0.247,105.9,107.5,-1.5999999999999943
2013,Utah Jazz,UTA,False,43.0,39.0,82.0,0.524390243902439,106.7,106.8,-0.1,90.9,0.533,0.492,13.8,28.8,73.2,0.214,0.501,14.0,0.226,106.7,106.8,-0.09999999999999432
2013,Washington Wizards,WAS,False,29.0,53.0,82.0,0.35365853658536583,100.2,103.0,-2.8,92.2,0.512,0.475,14.2,24.6,74.6,0.191,0.483,13.7,0.206,100.2,103.0,-2.799999999999997
2012,Atlanta Hawks,ATL,True,40.0,26.0,66.0,0.6060606060606061,104.9,101.2,3.7,90.2,0.535,0.5,13.4,23.9,74.4,0.192,0.48,14.4,0.186,104.9,101.2,3.700000000000003
2012,Boston Celtics,BOS,True,39.0,27.0,66.0,0.5909090909090909,101.0,98.2,2.8,90.4,0.535,0.496,14.7,19.7,72.4,0.2,0.452,14.9,0.216,101.0,98.2,2.799999999999997
2012,Charlotte Bobcats,CHA,False,7.0,59.0,66.0,0.10606060606060606,95.2,110.4,-15.2,91.1,0.483,0.439,13.9,23.6,70.9,0.206,0.512,12.8,0.206,95.2,110.4,-15.200000000000003
2012,Chicago Bulls,CHI,True,50.0,16.0,66.0,0.7575757575757576,107.4,98.3,9.1,89.1,0.523,0.49,13.2,32.6,74.3,0.184,0.45,12.8,0.175,107.4,98.3,9.100000000000009
2012,Cleveland Cavaliers,CLE,False,21.0,45.0,66.0,0.3181818181818182,101.1,108.9,-7.8,91.3,0.505,0.463,14.3,28.9,72.2,0.22,0.508,13.1,0.202,101.1,108.9,-7.800000000000011
2012,Dallas Mavericks,DAL,True,36.0,30.0,66.0,0.5454545454545454,103.3,102.3,1.0,91.4,0.527,0.489,13.4,23.4,74.8,0.19,0.479,13.9,0.203,103.3,102.3,1.0
2012,Denver Nuggets,DEN,True,38.0,28.0,66.0,0.5757575757575758,109.2,106.2,3.0,94.2,0.556,0.516,14.1,27.7,74.3,0.239,0.508,14.3,0.185,109.2,106.2,3.0
2012,Detroit Pistons,DET,False,25.0,41.0,66.0,0.3787878787878788,101.0,106.3,-5.3,89.2,0.51,0.468,15.0,28.1,72.8,0.21,0.5,14.2,0.226,101.0,106.3,-5.299999999999997
2012,Golden State Warriors,GSW,False,23.0,43.0,66.0,0.3484848484848485,105.4,109.1,-3.7,92.3,0.539,0.505,13.3,22.9,69.1,0.175,0.496,13.6,0.237,105.4,109.1,-3.6999999999999886
2012,Houston Rockets,HOU,False,34.0,32.0,66.0,0.5151515151515151,105.5,105.2,0.3,91.7,0.529,0.492,13.5,27.5,73.4,0.184,0.49,13.8,0.21,105.5,105.2,0.29999999999999716
2012,Indiana Pacers,IND,True,42.0,24.0,66.0,0.6363636363636364,106.7,103.1,3.6,90.7,0.526,0.474,13.1,29.2,72.3,0.251,0.476,14.1,0.222,106.7,103.1,3.6000000000000085
2012,Los Angeles Clippers,LAC,True,40.0,26.0,66.0,0.6060606060606061,108.5,105.7,2.8,89.2,0.533,0.502,12.7,29.5,73.2,0.195,0.492,14.2,0.245,108.5,105.7,2.799999999999997
2012,Los Angeles Lakers,LAL,True,41.0,25.0,66.0,0.6212121212121212,106.0,104.4,1.6,90.5,0.534,0.491,14.2,29.1,74.8,0.226,0.476,10.7,0.158,106.0,104.4,1.5999999999999943
2012,Memphis Grizzlies,MEM,True,41.0,25.0,66.0,0.6212121212121212,104.0,101.8,2.2,90.8,0.515,0.473,13.6,29.8,72.7,0.211,0.485,16.3,0.227,104.0,101.8,2.200000000000003
2012,Miami Heat,MIA,True,46.0,20.0,66.0,0.696969696969697,106.6,100.2,6.4,91.2,0.549,0.505,14.5,26.6,73.9,0.238,0.479,15.8,0.2,106.6,100.2,6.3999999999999915
2012,Milwaukee Bucks,MIL,False,31.0,35.0,66.0,0.4696969696969697,105.5,105.2,0.3,93.7,0.521,0.481,12.9,27.7,70.9,0.194,0.489,14.6,0.217,105.5,105.2,0.29999999999999716
2012,Minnesota Timberwolves,MIN,False,26.0,40.0,66.0,0.3939393939393939,104.3,106.6,-2.3,93.3,0.524,0.477,14.0,27.5,73.0,0.236,0.491,12.2,0.187,104.3,106.6,-2.299999999999997
2012,New Jersey Nets,NJN,False,22.0,44.0,66.0,0.3333333333333333,102.9,109.6,-6.7,90.1,0.516,0.473,14.3,27.8,70.7,0.209,0.513,13.7,0.209,102.9,109.6,-6.699999999999989
2012,New Orleans Hornets,NOH,False,21.0,45.0,66.0,0.3181818181818182,100.9,105.1,-4.2,88.3,0.517,0.476,15.2,27.5,73.1,0.207,0.485,13.5,0.218,100.9,105.1,-4.199999999999989
2012,New York Knicks,NYK,True,36.0,30.0,66.0,0.5454545454545454,104.4,101.0,3.4,93.2,0.533,0.492,14.9,26.6,73.7,0.227,0.485,15.9,0.224,104.4,101.0,3.4000000000000057
2012,Oklahoma City Thunder,OKC,True,47.0,19.0,66.0,0.7121212121212122,109.8,103.2,6.6,93.0,0.567,0.516,15.3,27.8,72.1,0.269,0.465,13.0,0.207,109.8,103.2,6.599999999999994
2012,Orlando Magic,ORL,True,37.0,29.0,66.0,0.5606060606060606,105.0,104.1,0.9,89.0,0.533,0.506,14.5,26.5,75.5,0.193,0.488,12.9,0.19,105.0,104.1,0.9000000000000057
2012,Philadelphia 76ers,PHI,True,35.0,31.0,66.0,0.5303030303030303,103.9,99.2,4.7,89.7,0.511,0.48,10.9,24.4,75.2,0.161,0.46,13.5,0.192,103.9,99.2,4.700000000000003
2012,Phoenix Suns,PHO,False,33.0,33.0,66.0,0.5,106.2,106.5,-0.3,92.6,0.536,0.499,13.3,25.8,71.7,0.194,0.491,13.1,0.2,106.2,106.5,-0.29999999999999716
2012,Portland Trail Blazers,POR,False,28.0,38.0,66.0,0.42424242424242425,105.7,106.4,-0.7,91.2,0.531,0.488,13.4,26.3,72.8,0.209,0.504,14.1,0.199,105.7,106.4,-0.7000000000000028
2012,Sacramento Kings,SAC,False,22.0,44.0,66.0,0.3333333333333333,103.8,109.8,-6.0,94.7,0.51,0.472,13.0,29.1,70.5,0.197,0.515,13.9,0.199,103.8,109.8,-6.0
2012,San Antonio Spurs,SAS,True,50.0,16.0,66.0,0.7575757575757576,110.9,103.2,7.7,92.9,0.562,0.528,12.8,25.1,76.0,0.195,0.489,12.9,0.168,110.9,103.2,7.700000000000003
2012,Toronto Raptors,TOR,False,23.0,43.0,66.0,0.3484848484848485,100.8,104.5,-3.7,89.3,0.518,0.475,14.8,25.9,75.4,0.211,0.475,12.8,0.26,100.8,104.5,-3.700000000000003
2012,Utah Jazz,UTA,True,36.0,30.0,66.0,0.5454545454545454,106.8,106.1,0.7,91.4,0.525,0.481,13.0,30.2,73.8,0.227,0.493,13.8,0.245,106.8,106.1,0.7000000000000028
2012,Washington Wizards,WAS,False,20.0,46.0,66.0,0.30303030303030304,101.0,106.2,-5.2,92.5,0.508,0.472,14.2,27.3,70.9,0.184,0.492,14.2,0.229,101.0,106.2,-5.200000000000003
2011,Atlanta Hawks,ATL,True,44.0,38.0,82.0,0.5365853658536586,106.1,107.0,-0.9,89.3,0.542,0.501,13.5,23.4,74.6,0.209,0.495,12.3,0.211,106.1,107.0,-0.9000000000000057
2011,Boston Celtics,BOS,True,56.0,26.0,82.0,0.6829268292682927,106.2,100.3,5.9,90.4,0.561,0.519,14.5,21.1,74.7,0.235,0.469,14.8,0.235,106.2,100.3,5.900000000000006
2011,Charlotte Bobcats,CHA,False,34.0,48.0,82.0,0.4146341463414634,103.4,107.8,-4.4,89.6,0.528,0.482,14.1,25.7,75.2,0.237,0.5,12.9,0.229,103.4,107.8,-4.3999999999999915
2011,Chicago Bulls,CHI,True,62.0,20.0,82.0,0.7560975609756098,108.3,100.3,8.0,90.4,0.541,0.501,13.5,29.4,76.2,0.227,0.463,13.6,0.222,108.3,100.3,8.0
2011,Cleveland Cavaliers,CLE,False,19.0,63.0,82.0,0.23170731707317074,102.2,111.8,-9.6,93.0,0.518,0.472,13.4,24.2,73.3,0.233,0.524,12.7,0.211,102.2,111.8,-9.599999999999994
2011,Dallas Mavericks,DAL,True,57.0,25.0,82.0,0.6951219512195121,109.7,105.0,4.7,91.3,0.565,0.525,13.6,24.1,74.8,0.222,0.488,13.0,0.206,109.7,105.0,4.700000000000003
2011,Denver Nuggets,DEN,True,50.0,32.0,82.0,0.6097560975609756,112.3,107.3,5.0,95.6,0.574,0.526,13.1,23.9,75.4,0.281,0.5,12.7,0.224,112.3,107.3,5.0
2011,Detroit Pistons,DET,False,30.0,52.0,82.0,0.36585365853658536,107.7,111.7,-4.0,89.2,0.533,0.495,12.5,27.4,72.1,0.206,0.526,13.8,0.235,107.7,111.7,-4.0
2011,Golden State Warriors,GSW,False,36.0,46.0,82.0,0.43902439024390244,108.2,110.7,-2.5,94.8,0.544,0.51,13.3,26.7,69.3,0.183,0.509,14.5,0.259,108.2,110.7,-2.5
2011,Houston Rockets,HOU,False,43.0,39.0,82.0,0.524390243902439,111.3,109.0,2.3,94.2,0.55,0.503,12.3,27.4,72.7,0.239,0.5,12.6,0.219,111.3,109.0,2.299999999999997
2011,Indiana Pacers,IND,True,37.0,45.0,82.0,0.45121951219512196,104.8,106.0,-1.2,94.7,0.533,0.486,14.1,25.9,74.1,0.235,0.487,12.8,0.237,104.8,106.0,-1.2000000000000028
2011,Los Angeles Clippers,LAC,False,32.0,50.0,82.0,0.3902439024390244,105.3,108.7,-3.4,92.8,0.535,0.496,15.1,28.4,73.2,0.234,0.499,12.8,0.25,105.3,108.7,-3.4000000000000057
2011,Los Angeles Lakers,LAL,True,57.0,25.0,82.0,0.6951219512195121,111.0,104.3,6.7,90.7,0.545,0.502,12.3,29.2,72.3,0.228,0.477,12.8,0.181,111.0,104.3,6.700000000000003
2011,Memphis Grizzlies,MEM,True,46.0,36.0,82.0,0.5609756097560976,107.6,105.1,2.5,91.9,0.534,0.493,13.0,28.9,72.5,0.218,0.502,15.7,0.228,107.6,105.1,2.5
2011,Miami Heat,MIA,True,58.0,24.0,82.0,0.7073170731707317,111.7,103.5,8.2,90.9,0.573,0.524,13.5,25.2,75.5,0.279,0.475,12.6,0.223,111.7,103.5,8.200000000000003
2011,Milwaukee Bucks,MIL,False,35.0,47.0,82.0,0.4268292682926829,101.6,102.5,-0.9,89.8,0.511,0.467,13.0,24.7,74.8,0.217,0.481,14.7,0.236,101.6,102.5,-0.9000000000000057
2011,Minnesota Timberwolves,MIN,False,17.0,65.0,82.0,0.2073170731707317,104.2,111.1,-6.9,96.5,0.526,0.483,15.1,29.6,73.7,0.217,0.514,13.1,0.251,104.2,111.1,-6.8999999999999915
2011,New Jersey Nets,NJN,False,24.0,58.0,82.0,0.2926829268292683,103.1,109.9,-6.8,89.9,0.517,0.474,13.4,26.1,74.2,0.215,0.503,11.8,0.241,103.1,109.9,-6.800000000000011
2011,New Orleans Hornets,NOH,True,46.0,36.0,82.0,0.5609756097560976,106.2,105.2,1.0,88.7,0.537,0.493,12.8,25.1,76.2,0.226,0.501,14.4,0.22,106.2,105.2,1.0
2011,New York Knicks,NYK,True,42.0,40.0,82.0,0.5121951219512195,110.9,110.1,0.8,95.6,0.561,0.513,12.6,24.2,71.9,0.246,0.511,13.8,0.24,110.9,110.1,0.8000000000000114
2011,Oklahoma City Thunder,OKC,True,55.0,27.0,82.0,0.6707317073170732,111.2,107.2,4.0,92.7,0.561,0.501,13.1,27.4,73.6,0.299,0.493,12.9,0.228,111.2,107.2,4.0
2011,Orlando Magic,ORL,True,52.0,30.0,82.0,0.6341463414634146,107.9,102.0,5.9,91.2,0.554,0.521,14.3,26.1,76.9,0.227,0.475,13.3,0.219,107.9,102.0,5.900000000000006
2011,Philadelphia 76ers,PHI,True,41.0,41.0,82.0,0.5,106.6,105.0,1.6,91.7,0.535,0.494,12.3,24.6,74.5,0.21,0.487,13.5,0.231,106.6,105.0,1.5999999999999943
2011,Phoenix Suns,PHO,False,40.0,42.0,82.0,0.4878048780487805,109.5,110.4,-0.9,94.4,0.559,0.522,13.2,23.7,71.6,0.215,0.513,13.1,0.211,109.5,110.4,-0.9000000000000057
2011,Portland Trail Blazers,POR,True,48.0,34.0,82.0,0.5853658536585366,108.8,107.1,1.7,87.9,0.533,0.486,12.6,29.5,72.0,0.224,0.51,15.4,0.231,108.8,107.1,1.7000000000000028
2011,Sacramento Kings,SAC,False,24.0,58.0,82.0,0.2926829268292683,103.5,109.0,-5.5,95.2,0.519,0.48,14.4,29.9,74.4,0.208,0.513,13.5,0.233,103.5,109.0,-5.5
2011,San Antonio Spurs,SAS,True,61.0,21.0,82.0,0.7439024390243902,111.8,105.6,6.2,92.3,0.567,0.527,12.8,24.9,74.6,0.229,0.491,12.6,0.19,111.8,105.6,6.200000000000003
2011,Toronto Raptors,TOR,False,22.0,60.0,82.0,0.2682926829268293,106.1,112.9,-6.8,92.9,0.533,0.491,13.7,28.2,72.0,0.221,0.522,13.0,0.251,106.1,112.9,-6.800000000000011
2011,Utah Jazz,UTA,False,39.0,43.0,82.0,0.47560975609756095,108.1,110.1,-2.0,91.0,0.544,0.498,13.5,27.0,71.7,0.241,0.505,13.8,0.275,108.1,110.1,-2.0
2011,Washington Wizards,WAS,False,23.0,59.0,82.0,0.2804878048780488,102.4,110.2,-7.8,93.8,0.513,0.471,13.9,28.0,70.5,0.216,0.512,14.4,0.249,102.4,110.2,-7.799999999999997
2010,Atlanta Hawks,ATL,True,53.0,29.0,82.0,0.6463414634146342,111.9,106.7,5.2,90.1,0.545,0.506,11.4,28.2,72.7,0.213,0.496,13.2,0.208,111.9,106.7,5.200000000000003
2010,Boston Celtics,BOS,True,50.0,32.0,82.0,0.6097560975609756,107.7,103.8,3.9,91.6,0.564,0.522,14.5,22.8,73.8,0.248,0.487,14.9,0.251,107.7,103.8,3.9000000000000057
2010,Charlotte Bobcats,CHA,True,44.0,38.0,82.0,0.5365853658536586,104.4,102.8,1.6,90.4,0.538,0.49,15.1,26.5,74.2,0.26,0.491,14.7,0.194,104.4,102.8,1.6000000000000085
2010,Chicago Bulls,CHI,True,41.0,41.0,82.0,0.5,103.5,105.3,-1.8,93.1,0.52,0.477,13.3,26.6,74.8,0.217,0.484,12.3,0.212,103.5,105.3,-1.7999999999999972
2010,Cleveland Cavaliers,CLE,True,61.0,21.0,82.0,0.7439024390243902,111.2,104.1,7.1,91.4,0.57,0.532,13.4,25.1,77.2,0.246,0.482,12.3,0.218,111.2,104.1,7.1000000000000085
2010,Dallas Mavericks,DAL,True,55.0,27.0,82.0,0.6707317073170732,109.2,106.3,2.9,92.5,0.552,0.506,12.3,24.3,73.7,0.226,0.495,13.6,0.206,109.2,106.3,2.9000000000000057
2010,Denver Nuggets,DEN,True,53.0,29.0,82.0,0.6463414634146342,111.8,107.5,4.3,94.8,0.561,0.509,12.7,26.1,72.4,0.29,0.495,13.8,0.251,111.8,107.5,4.299999999999997
2010,Detroit Pistons,DET,False,27.0,55.0,82.0,0.32926829268292684,105.6,111.4,-5.8,88.5,0.515,0.474,12.8,30.3,73.4,0.22,0.526,14.2,0.264,105.6,111.4,-5.800000000000011
2010,Golden State Warriors,GSW,False,26.0,56.0,82.0,0.3170731707317073,108.1,111.7,-3.6,100.4,0.557,0.514,13.1,20.9,68.5,0.23,0.525,15.1,0.26,108.1,111.7,-3.6000000000000085
2010,Houston Rockets,HOU,False,42.0,40.0,82.0,0.5121951219512195,107.6,108.0,-0.4,94.0,0.537,0.494,13.2,26.9,73.8,0.225,0.511,13.6,0.215,107.6,108.0,-0.4000000000000057
2010,Indiana Pacers,IND,False,32.0,50.0,82.0,0.3902439024390244,103.7,106.8,-3.1,97.1,0.536,0.491,13.8,21.6,73.0,0.229,0.49,13.4,0.258,103.7,106.8,-3.0999999999999943
2010,Los Angeles Clippers,LAC,False,29.0,53.0,82.0,0.35365853658536583,103.3,110.1,-6.8,92.6,0.529,0.491,14.8,27.1,74.0,0.206,0.509,12.2,0.214,103.3,110.1,-6.799999999999997
2010,Los Angeles Lakers,LAL,True,57.0,25.0,82.0,0.6951219512195121,108.8,103.7,5.1,92.8,0.538,0.496,12.4,27.6,74.4,0.221,0.484,13.2,0.195,108.8,103.7,5.099999999999994
2010,Memphis Grizzlies,MEM,False,40.0,42.0,82.0,0.4878048780487805,108.3,109.9,-1.6,93.6,0.536,0.494,13.7,31.3,73.3,0.235,0.52,13.2,0.205,108.3,109.9,-1.6000000000000085
2010,Miami Heat,MIA,True,47.0,35.0,82.0,0.573170731707317,106.6,104.1,2.5,89.6,0.537,0.496,12.8,26.1,74.9,0.223,0.48,13.9,0.246,106.6,104.1,2.5
2010,Milwaukee Bucks,MIL,True,46.0,36.0,82.0,0.5609756097560976,104.9,103.1,1.8,91.7,0.518,0.482,12.3,26.2,76.4,0.181,0.486,14.6,0.266,104.9,103.1,1.8000000000000114
2010,Minnesota Timberwolves,MIN,False,15.0,67.0,82.0,0.18292682926829268,101.7,111.6,-9.9,96.1,0.518,0.478,14.6,26.7,73.6,0.207,0.525,13.0,0.22,101.7,111.6,-9.899999999999991
2010,New Jersey Nets,NJN,False,12.0,70.0,82.0,0.14634146341463414,100.6,110.5,-9.9,91.4,0.509,0.458,13.7,25.1,71.8,0.24,0.517,13.3,0.229,100.6,110.5,-9.900000000000006
2010,New Orleans Hornets,NOH,False,37.0,45.0,82.0,0.45121951219512196,107.4,110.1,-2.7,92.6,0.543,0.506,12.7,24.8,73.8,0.189,0.523,13.5,0.205,107.4,110.1,-2.6999999999999886
2010,New York Knicks,NYK,False,29.0,53.0,82.0,0.35365853658536583,107.6,111.6,-4.0,94.0,0.547,0.509,13.0,23.5,72.1,0.2,0.526,13.3,0.207,107.6,111.6,-4.0
2010,Oklahoma City Thunder,OKC,True,50.0,32.0,82.0,0.6097560975609756,108.3,104.6,3.7,93.1,0.547,0.494,13.9,28.6,73.6,0.268,0.483,14.0,0.229,108.3,104.6,3.700000000000003
2010,Orlando Magic,ORL,True,59.0,23.0,82.0,0.7195121951219512,111.4,103.3,8.1,92.0,0.573,0.536,13.6,24.6,77.4,0.246,0.477,12.2,0.205,111.4,103.3,8.100000000000009
2010,Philadelphia 76ers,PHI,False,27.0,55.0,82.0,0.32926829268292684,106.1,110.3,-4.2,91.6,0.534,0.496,13.7,27.6,73.2,0.204,0.518,13.8,0.231,106.1,110.3,-4.200000000000003
2010,Phoenix Suns,PHO,True,54.0,28.0,82.0,0.6585365853658537,115.3,110.2,5.1,95.3,0.585,0.546,13.6,27.6,70.8,0.24,0.491,11.6,0.224,115.3,110.2,5.099999999999994
2010,Portland Trail Blazers,POR,True,50.0,32.0,82.0,0.6097560975609756,110.8,107.1,3.7,87.7,0.547,0.499,12.1,28.2,74.8,0.249,0.502,13.3,0.219,110.8,107.1,3.700000000000003
2010,Sacramento Kings,SAC,False,25.0,57.0,82.0,0.3048780487804878,105.3,109.9,-4.6,94.0,0.528,0.491,13.6,27.8,73.5,0.207,0.505,12.6,0.244,105.3,109.9,-4.6000000000000085
2010,San Antonio Spurs,SAS,True,50.0,32.0,82.0,0.6097560975609756,110.0,104.5,5.5,91.7,0.552,0.515,12.9,26.8,76.3,0.219,0.483,12.1,0.214,110.0,104.5,5.5
2010,Toronto Raptors,TOR,False,40.0,42.0,82.0,0.4878048780487805,111.3,113.2,-1.9,93.1,0.564,0.521,12.7,24.7,72.9,0.244,0.513,11.8,0.247,111.3,113.2,-1.9000000000000057
2010,Utah Jazz,UTA,True,53.0,29.0,82.0,0.6463414634146342,110.7,105.0,5.7,93.8,0.565,0.524,14.2,26.8,75.6,0.252,0.492,14.2,0.269,110.7,105.0,5.700000000000003
2010,Washington Wizards,WAS,False,26.0,56.0,82.0,0.3170731707317073,104.2,109.4,-5.2,91.6,0.524,0.481,13.9,27.6,72.4,0.216,0.502,12.8,0.239,104.2,109.4,-5.200000000000003
2009,Atlanta Hawks,ATL,True,47.0,35.0,82.0,0.573170731707317,109.3,107.6,1.7,89.6,0.546,0.504,12.5,26.0,71.6,0.238,0.494,13.2,0.21,109.3,107.6,1.7000000000000028
2009,Boston Celtics,BOS,True,62.0,20.0,82.0,0.7560975609756098,110.5,102.3,8.2,90.4,0.571,0.528,15.0,27.9,75.6,0.251,0.47,14.0,0.253,110.5,102.3,8.200000000000003
2009,Charlotte Bobcats,CHA,False,35.0,47.0,82.0,0.4268292682926829,104.7,106.1,-1.4,88.3,0.536,0.494,15.1,27.7,73.0,0.231,0.498,14.4,0.229,104.7,106.1,-1.3999999999999915
2009,Chicago Bulls,CHI,True,41.0,41.0,82.0,0.5,108.4,108.7,-0.3,93.1,0.541,0.493,13.3,28.0,70.9,0.239,0.493,13.1,0.238,108.4,108.7,-0.29999999999999716
2009,Cleveland Cavaliers,CLE,True,66.0,16.0,82.0,0.8048780487804879,112.4,102.4,10.0,88.7,0.56,0.519,12.5,27.7,74.6,0.236,0.468,13.5,0.226,112.4,102.4,10.0
2009,Dallas Mavericks,DAL,True,50.0,32.0,82.0,0.6097560975609756,110.5,108.4,2.1,91.5,0.55,0.504,12.1,26.6,74.6,0.224,0.493,12.3,0.225,110.5,108.4,2.0999999999999943
2009,Denver Nuggets,DEN,True,54.0,28.0,82.0,0.6585365853658537,110.4,106.8,3.6,94.3,0.563,0.512,14.2,27.5,71.7,0.29,0.485,14.1,0.259,110.4,106.8,3.6000000000000085
2009,Detroit Pistons,DET,True,39.0,43.0,82.0,0.47560975609756095,107.4,108.0,-0.6,86.7,0.524,0.483,11.7,27.9,74.0,0.212,0.485,11.7,0.248,107.4,108.0,-0.5999999999999943
2009,Golden State Warriors,GSW,False,29.0,53.0,82.0,0.35365853658536583,109.5,113.3,-3.8,98.2,0.549,0.497,12.9,26.1,68.1,0.268,0.508,12.9,0.251,109.5,113.3,-3.799999999999997
2009,Houston Rockets,HOU,True,53.0,29.0,82.0,0.6463414634146342,108.4,104.0,4.4,90.2,0.548,0.501,13.6,26.4,75.3,0.235,0.479,11.9,0.192,108.4,104.0,4.400000000000006
2009,Indiana Pacers,IND,False,36.0,46.0,82.0,0.43902439024390244,108.1,109.2,-1.1,96.5,0.545,0.501,13.1,25.4,74.5,0.215,0.499,12.7,0.271,108.1,109.2,-1.1000000000000085
2009,Los Angeles Clippers,LAC,False,19.0,63.0,82.0,0.23170731707317074,102.3,111.7,-9.4,92.1,0.52,0.481,14.0,25.1,71.2,0.202,0.512,12.4,0.227,102.3,111.7,-9.400000000000006
2009,Los Angeles Lakers,LAL,True,65.0,17.0,82.0,0.7926829268292683,112.8,104.7,8.1,94.3,0.555,0.513,12.3,29.4,73.0,0.23,0.49,14.2,0.213,112.8,104.7,8.099999999999994
2009,Memphis Grizzlies,MEM,False,24.0,58.0,82.0,0.2926829268292683,103.5,109.5,-6.0,90.1,0.533,0.486,14.8,25.8,73.5,0.249,0.515,14.1,0.247,103.5,109.5,-6.0
2009,Miami Heat,MIA,True,43.0,39.0,82.0,0.524390243902439,107.8,107.6,0.2,89.9,0.54,0.5,12.1,24.6,72.9,0.212,0.501,14.5,0.251,107.8,107.6,0.20000000000000284
2009,Milwaukee Bucks,MIL,False,34.0,48.0,82.0,0.4146341463414634,106.7,107.9,-1.2,92.6,0.531,0.483,13.1,27.8,74.0,0.239,0.503,15.6,0.315,106.7,107.9,-1.2000000000000028
2009,Minnesota Timberwolves,MIN,False,24.0,58.0,82.0,0.2926829268292683,106.1,111.4,-5.3,91.6,0.526,0.481,13.3,27.7,75.0,0.222,0.515,12.0,0.254,106.1,111.4,-5.300000000000011
2009,New Jersey Nets,NJN,False,34.0,48.0,82.0,0.4146341463414634,108.3,111.0,-2.7,89.9,0.543,0.497,12.7,25.2,73.5,0.236,0.509,13.0,0.272,108.3,111.0,-2.700000000000003
2009,New Orleans Hornets,NOH,True,49.0,33.0,82.0,0.5975609756097561,108.7,107.0,1.7,87.8,0.548,0.501,12.5,24.6,74.9,0.232,0.496,13.2,0.23,108.7,107.0,1.7000000000000028
2009,New York Knicks,NYK,False,32.0,50.0,82.0,0.3902439024390244,108.1,110.8,-2.7,96.7,0.544,0.503,12.9,24.4,72.7,0.21,0.52,13.0,0.215,108.1,110.8,-2.700000000000003
2009,Oklahoma City Thunder,OKC,False,23.0,59.0,82.0,0.2804878048780488,102.9,109.4,-6.5,93.6,0.521,0.471,14.8,28.6,73.9,0.242,0.514,13.0,0.216,102.9,109.4,-6.5
2009,Orlando Magic,ORL,True,59.0,23.0,82.0,0.7195121951219512,109.2,101.9,7.3,92.3,0.559,0.52,13.4,24.0,75.9,0.251,0.465,12.3,0.209,109.2,101.9,7.299999999999997
2009,Philadelphia 76ers,PHI,True,41.0,41.0,82.0,0.5,107.9,107.8,0.1,90.0,0.532,0.485,13.4,31.3,71.4,0.253,0.507,14.9,0.216,107.9,107.8,0.10000000000000853
2009,Phoenix Suns,PHO,False,46.0,36.0,82.0,0.5609756097560976,113.6,111.6,2.0,96.0,0.584,0.545,14.4,27.7,71.7,0.25,0.511,12.8,0.233,113.6,111.6,2.0
2009,Portland Trail Blazers,POR,True,54.0,28.0,82.0,0.6585365853658537,113.9,107.8,6.1,86.6,0.553,0.511,12.5,32.6,75.0,0.234,0.499,13.2,0.227,113.9,107.8,6.1000000000000085
2009,Sacramento Kings,SAC,False,17.0,65.0,82.0,0.2073170731707317,105.5,114.7,-9.2,94.2,0.542,0.491,14.3,24.5,69.9,0.252,0.526,13.0,0.269,105.5,114.7,-9.200000000000003
2009,San Antonio Spurs,SAS,True,54.0,28.0,82.0,0.6585365853658537,108.5,104.3,4.2,88.4,0.548,0.513,11.7,22.1,78.0,0.191,0.487,11.7,0.191,108.5,104.3,4.200000000000003
2009,Toronto Raptors,TOR,False,33.0,49.0,82.0,0.4024390243902439,107.0,110.0,-3.0,92.0,0.542,0.494,12.8,24.0,73.7,0.23,0.511,12.6,0.202,107.0,110.0,-3.0
2009,Utah Jazz,UTA,True,48.0,34.0,82.0,0.5853658536585366,110.1,107.3,2.8,93.1,0.554,0.504,13.6,28.2,72.7,0.274,0.505,15.0,0.262,110.1,107.3,2.799999999999997
2009,Washington Wizards,WAS,False,19.0,63.0,82.0,0.23170731707317074,105.4,113.6,-8.2,91.0,0.524,0.48,13.2,27.7,71.4,0.224,0.533,13.3,0.227,105.4,113.6,-8.199999999999989
2008,Atlanta Hawks,ATL,True,37.0,45.0,82.0,0.45121951219512196,106.9,108.9,-2.0,91.1,0.535,0.483,14.0,29.7,71.7,0.263,0.501,12.9,0.217,106.9,108.9,-2.0
2008,Boston Celtics,BOS,True,66.0,16.0,82.0,0.8048780487804879,110.2,98.9,11.3,90.9,0.569,0.522,14.7,26.6,74.4,0.267,0.457,15.2,0.253,110.2,98.9,11.299999999999997
2008,Charlotte Bobcats,CHA,False,32.0,50.0,82.0,0.3902439024390244,104.6,109.4,-4.8,91.8,0.532,0.492,13.9,25.6,71.0,0.23,0.505,13.4,0.235,104.6,109.4,-4.800000000000011
2008,Chicago Bulls,CHI,False,33.0,49.0,82.0,0.4024390243902439,103.9,107.2,-3.3,93.0,0.515,0.47,13.4,28.9,73.1,0.223,0.496,14.2,0.258,103.9,107.2,-3.299999999999997
2008,Cleveland Cavaliers,CLE,True,45.0,37.0,82.0,0.5487804878048781,106.0,106.4,-0.4,90.2,0.52,0.48,13.1,30.4,75.9,0.221,0.494,12.9,0.24,106.0,106.4,-0.4000000000000057
2008,Dallas Mavericks,DAL,True,51.0,31.0,82.0,0.6219512195121951,111.1,106.1,5.0,90.2,0.554,0.502,12.3,26.7,75.0,0.259,0.474,11.7,0.252,111.1,106.1,5.0
2008,Denver Nuggets,DEN,True,50.0,32.0,82.0,0.6097560975609756,110.0,106.3,3.7,99.7,0.557,0.51,12.9,25.5,72.1,0.269,0.499,14.1,0.203,110.0,106.3,3.700000000000003
2008,Detroit Pistons,DET,True,59.0,23.0,82.0,0.7195121951219512,111.4,102.9,8.5,87.3,0.539,0.495,11.4,29.4,73.7,0.23,0.47,13.4,0.244,111.4,102.9,8.5
2008,Golden State Warriors,GSW,False,48.0,34.0,82.0,0.5853658536585366,111.8,109.5,2.3,98.8,0.548,0.511,11.5,27.2,70.3,0.208,0.509,14.7,0.258,111.8,109.5,2.299999999999997
2008,Houston Rockets,HOU,True,55.0,27.0,82.0,0.6707317073170732,106.8,101.6,5.2,90.4,0.528,0.492,13.0,29.1,74.8,0.2,0.465,12.8,0.214,106.8,101.6,5.200000000000003
2008,Indiana Pacers,IND,False,36.0,46.0,82.0,0.43902439024390244,106.0,107.5,-1.5,97.7,0.54,0.498,13.5,24.4,73.9,0.224,0.498,14.1,0.271,106.0,107.5,-1.5
2008,Los Angeles Clippers,LAC,False,23.0,59.0,82.0,0.2804878048780488,101.2,109.1,-7.9,92.1,0.519,0.465,13.7,23.1,73.1,0.264,0.503,12.8,0.236,101.2,109.1,-7.8999999999999915
2008,Los Angeles Lakers,LAL,True,57.0,25.0,82.0,0.6951219512195121,113.0,105.5,7.5,95.6,0.57,0.525,12.9,26.3,73.4,0.256,0.485,12.9,0.214,113.0,105.5,7.5
2008,Memphis Grizzlies,MEM,False,22.0,60.0,82.0,0.2682926829268293,105.0,111.4,-6.4,95.3,0.539,0.5,14.0,23.8,73.4,0.225,0.521,12.2,0.196,105.0,111.4,-6.400000000000006
2008,Miami Heat,MIA,False,15.0,67.0,82.0,0.18292682926829268,100.5,110.0,-9.5,90.2,0.522,0.482,14.4,22.1,71.9,0.218,0.51,13.6,0.245,100.5,110.0,-9.5
2008,Milwaukee Bucks,MIL,False,26.0,56.0,82.0,0.3170731707317073,105.3,112.8,-7.5,91.3,0.522,0.482,13.7,30.0,73.0,0.215,0.524,13.0,0.25,105.3,112.8,-7.5
2008,Minnesota Timberwolves,MIN,False,22.0,60.0,82.0,0.2682926829268293,103.8,111.2,-7.4,91.9,0.518,0.484,13.6,27.5,73.6,0.183,0.513,12.9,0.269,103.8,111.2,-7.400000000000006
2008,New Jersey Nets,NJN,False,34.0,48.0,82.0,0.4146341463414634,104.0,109.4,-5.4,91.5,0.528,0.481,14.2,26.6,73.8,0.255,0.497,12.7,0.271,104.0,109.4,-5.400000000000006
2008,New Orleans Hornets,NOH,True,56.0,26.0,82.0,0.6829268292682927,111.5,105.7,5.8,89.9,0.548,0.512,11.4,27.0,75.4,0.193,0.501,13.5,0.184,111.5,105.7,5.799999999999997
2008,New York Knicks,NYK,False,23.0,59.0,82.0,0.2804878048780488,104.7,111.9,-7.2,91.6,0.518,0.475,13.4,28.6,72.7,0.226,0.518,12.1,0.229,104.7,111.9,-7.200000000000003
2008,Orlando Magic,ORL,True,52.0,30.0,82.0,0.6341463414634146,111.3,105.5,5.8,93.4,0.575,0.537,13.6,23.4,74.8,0.256,0.484,12.3,0.217,111.3,105.5,5.799999999999997
2008,Philadelphia 76ers,PHI,True,40.0,42.0,82.0,0.4878048780487805,106.4,106.0,0.4,90.4,0.522,0.482,13.4,31.8,72.0,0.227,0.504,15.1,0.205,106.4,106.0,0.4000000000000057
2008,Phoenix Suns,PHO,True,55.0,27.0,82.0,0.6707317073170732,113.3,108.1,5.2,96.7,0.59,0.551,13.4,22.4,70.9,0.228,0.488,11.8,0.191,113.3,108.1,5.200000000000003
2008,Portland Trail Blazers,POR,False,41.0,41.0,82.0,0.5,107.3,108.4,-1.1,87.9,0.532,0.489,12.6,26.8,71.8,0.216,0.491,12.1,0.212,107.3,108.4,-1.1000000000000085
2008,Sacramento Kings,SAC,False,38.0,44.0,82.0,0.4634146341463415,107.5,109.9,-2.4,94.7,0.556,0.503,14.8,25.2,71.7,0.276,0.51,13.9,0.256,107.5,109.9,-2.4000000000000057
2008,San Antonio Spurs,SAS,True,56.0,26.0,82.0,0.6829268292682927,107.2,101.8,5.4,88.8,0.543,0.504,12.6,23.4,77.1,0.21,0.477,12.8,0.201,107.2,101.8,5.400000000000006
2008,Seattle SuperSonics,SEA,False,20.0,62.0,82.0,0.24390243902439024,100.5,109.5,-9.0,96.3,0.509,0.467,14.3,26.8,73.7,0.204,0.503,11.9,0.215,100.5,109.5,-9.0
2008,Toronto Raptors,TOR,True,41.0,41.0,82.0,0.5,110.2,107.0,3.2,90.2,0.551,0.511,11.4,23.4,75.0,0.2,0.505,13.5,0.205,110.2,107.0,3.200000000000003
2008,Utah Jazz,UTA,True,54.0,28.0,82.0,0.6585365853658537,113.8,106.5,7.3,93.2,0.573,0.528,13.6,29.5,74.1,0.265,0.501,15.0,0.294,113.8,106.5,7.299999999999997
2008,Washington Wizards,WAS,True,43.0,39.0,82.0,0.524390243902439,109.2,109.6,-0.4,89.5,0.535,0.489,12.5,28.9,72.8,0.233,0.513,13.5,0.217,109.2,109.6,-0.3999999999999915
2007,Atlanta Hawks,ATL,False,30.0,52.0,82.0,0.36585365853658536,103.0,108.3,-5.3,90.0,0.523,0.471,15.1,29.2,70.9,0.263,0.503,14.5,0.268,103.0,108.3,-5.299999999999997
2007,Boston Celtics,BOS,False,24.0,58.0,82.0,0.2926829268292683,103.2,106.9,-3.7,92.0,0.53,0.479,15.4,27.0,73.8,0.259,0.502,14.5,0.28,103.2,106.9,-3.700000000000003
2007,Charlotte Bobcats,CHA,False,33.0,49.0,82.0,0.4024390243902439,103.6,107.6,-4.0,92.0,0.524,0.48,13.9,26.4,71.6,0.236,0.5,14.7,0.279,103.6,107.6,-4.0
2007,Chicago Bulls,CHI,True,49.0,33.0,82.0,0.5975609756097561,104.9,99.6,5.3,93.6,0.534,0.493,14.7,28.6,74.3,0.229,0.473,16.2,0.252,104.9,99.6,5.300000000000011
2007,Cleveland Cavaliers,CLE,True,50.0,32.0,82.0,0.6097560975609756,105.5,101.3,4.2,90.8,0.522,0.484,13.4,29.7,75.8,0.223,0.48,14.7,0.243,105.5,101.3,4.200000000000003
2007,Dallas Mavericks,DAL,True,67.0,15.0,82.0,0.8170731707317073,111.3,103.2,8.1,89.5,0.559,0.509,13.4,28.7,75.0,0.256,0.477,14.2,0.265,111.3,103.2,8.099999999999994
2007,Denver Nuggets,DEN,True,45.0,37.0,82.0,0.5487804878048781,107.6,105.9,1.7,97.4,0.548,0.501,14.6,28.9,71.8,0.268,0.499,14.5,0.203,107.6,105.9,1.6999999999999886
2007,Detroit Pistons,DET,True,53.0,29.0,82.0,0.6463414634146342,108.9,104.2,4.7,87.3,0.535,0.488,12.0,28.3,70.9,0.237,0.477,14.3,0.234,108.9,104.2,4.700000000000003
2007,Golden State Warriors,GSW,True,42.0,40.0,82.0,0.5121951219512195,107.0,107.4,-0.4,99.2,0.548,0.512,14.1,25.6,69.6,0.215,0.506,16.1,0.264,107.0,107.4,-0.4000000000000057
2007,Houston Rockets,HOU,True,52.0,30.0,82.0,0.6341463414634146,106.0,100.7,5.3,90.7,0.54,0.499,13.6,25.7,77.0,0.22,0.466,13.6,0.23,106.0,100.7,5.299999999999997
2007,Indiana Pacers,IND,False,35.0,47.0,82.0,0.4268292682926829,102.9,105.5,-2.6,92.4,0.523,0.474,15.1,28.4,72.7,0.246,0.491,14.8,0.271,102.9,105.5,-2.5999999999999943
2007,Los Angeles Clippers,LAC,False,40.0,42.0,82.0,0.4878048780487805,105.1,105.6,-0.5,90.8,0.537,0.481,14.5,27.2,74.7,0.28,0.488,13.3,0.249,105.1,105.6,-0.5
2007,Los Angeles Lakers,LAL,True,42.0,40.0,82.0,0.5121951219512195,108.6,108.6,0.0,93.5,0.554,0.511,14.3,26.1,72.3,0.249,0.5,13.5,0.262,108.6,108.6,0.0
2007,Memphis Grizzlies,MEM,False,22.0,60.0,82.0,0.2682926829268293,106.9,112.3,-5.4,93.6,0.555,0.504,15.2,25.9,71.1,0.285,0.529,14.0,0.237,106.9,112.3,-5.3999999999999915
2007,Miami Heat,MIA,True,44.0,38.0,82.0,0.5365853658536586,104.3,105.3,-1.0,89.9,0.541,0.506,14.3,24.9,73.3,0.222,0.485,13.8,0.232,104.3,105.3,-1.0
2007,Milwaukee Bucks,MIL,False,28.0,54.0,82.0,0.34146341463414637,107.0,111.7,-4.7,92.3,0.541,0.504,14.1,27.6,68.1,0.209,0.522,14.5,0.234,107.0,111.7,-4.700000000000003
2007,Minnesota Timberwolves,MIN,False,32.0,50.0,82.0,0.3902439024390244,103.9,107.9,-4.0,91.0,0.537,0.49,14.8,25.1,72.1,0.231,0.498,13.3,0.226,103.9,107.9,-4.0
2007,New Jersey Nets,NJN,True,41.0,41.0,82.0,0.5,105.7,106.6,-0.9,91.4,0.546,0.504,14.2,24.6,74.4,0.245,0.49,13.7,0.266,105.7,106.6,-0.8999999999999915
2007,New Orleans/Oklahoma City Hornets,NOK,False,39.0,43.0,82.0,0.47560975609756095,104.8,106.5,-1.7,90.2,0.52,0.479,13.6,29.1,74.7,0.215,0.499,13.2,0.212,104.8,106.5,-1.7000000000000028
2007,New York Knicks,NYK,False,33.0,49.0,82.0,0.4024390243902439,105.7,108.8,-3.1,90.8,0.539,0.494,15.9,31.0,74.0,0.27,0.504,13.0,0.246,105.7,108.8,-3.0999999999999943
2007,Orlando Magic,ORL,True,40.0,42.0,82.0,0.4878048780487805,104.9,104.1,0.8,89.9,0.544,0.5,16.3,29.3,73.7,0.276,0.48,14.6,0.286,104.9,104.1,0.8000000000000114
2007,Philadelphia 76ers,PHI,False,35.0,47.0,82.0,0.4268292682926829,103.6,106.9,-3.3,90.7,0.53,0.48,14.6,27.2,70.8,0.255,0.501,14.7,0.221,103.6,106.9,-3.3000000000000114
2007,Phoenix Suns,PHO,True,61.0,21.0,82.0,0.7439024390243902,113.9,106.4,7.5,95.6,0.59,0.551,13.4,22.7,71.9,0.215,0.492,13.6,0.206,113.9,106.4,7.5
2007,Portland Trail Blazers,POR,False,32.0,50.0,82.0,0.3902439024390244,105.1,109.9,-4.8,88.3,0.53,0.483,14.5,28.2,73.0,0.241,0.508,13.5,0.267,105.1,109.9,-4.800000000000011
2007,Sacramento Kings,SAC,False,33.0,49.0,82.0,0.4024390243902439,106.2,108.0,-1.8,94.8,0.545,0.491,13.5,23.1,72.5,0.289,0.513,14.9,0.24,106.2,108.0,-1.7999999999999972
2007,San Antonio Spurs,SAS,True,58.0,24.0,82.0,0.7073170731707317,109.2,99.9,9.3,89.8,0.561,0.521,13.6,24.2,75.7,0.235,0.471,14.0,0.201,109.2,99.9,9.299999999999997
2007,Seattle SuperSonics,SEA,False,31.0,51.0,82.0,0.3780487804878049,107.2,110.3,-3.1,91.8,0.544,0.499,14.5,27.8,70.9,0.228,0.515,14.1,0.243,107.2,110.3,-3.0999999999999943
2007,Toronto Raptors,TOR,True,47.0,35.0,82.0,0.573170731707317,107.0,106.0,1.0,92.6,0.55,0.504,13.0,22.2,74.5,0.239,0.503,14.3,0.219,107.0,106.0,1.0
2007,Utah Jazz,UTA,True,51.0,31.0,82.0,0.6219512195121951,110.1,107.0,3.1,91.6,0.551,0.502,14.5,31.7,75.1,0.283,0.496,14.4,0.314,110.1,107.0,3.0999999999999943
2007,Washington Wizards,WAS,True,41.0,41.0,82.0,0.5,110.1,110.6,-0.5,94.1,0.542,0.491,12.6,28.1,71.0,0.272,0.517,14.4,0.249,110.1,110.6,-0.5
2006,Atlanta Hawks,ATL,False,26.0,56.0,82.0,0.3170731707317073,106.4,111.6,-5.2,90.4,0.534,0.486,14.7,31.4,69.5,0.255,0.513,14.1,0.275,106.4,111.6,-5.199999999999989
2006,Boston Celtics,BOS,False,33.0,49.0,82.0,0.4024390243902439,105.2,106.9,-1.7,92.2,0.551,0.504,15.7,25.5,72.8,0.263,0.49,13.8,0.282,105.2,106.9,-1.7000000000000028
2006,Charlotte Bobcats,CHA,False,26.0,56.0,82.0,0.3170731707317073,102.5,106.7,-4.2,93.4,0.509,0.464,13.0,27.1,70.7,0.233,0.514,16.5,0.263,102.5,106.7,-4.200000000000003
2006,Chicago Bulls,CHI,True,41.0,41.0,82.0,0.5,104.0,103.4,0.6,92.9,0.527,0.487,13.9,26.3,74.7,0.216,0.464,13.9,0.295,104.0,103.4,0.5999999999999943
2006,Cleveland Cavaliers,CLE,True,50.0,32.0,82.0,0.6097560975609756,107.8,105.4,2.4,89.8,0.538,0.492,13.3,28.4,75.7,0.263,0.49,12.8,0.226,107.8,105.4,2.3999999999999915
2006,Dallas Mavericks,DAL,True,60.0,22.0,82.0,0.7317073170731707,111.8,105.0,6.8,87.8,0.55,0.495,13.1,31.8,72.2,0.285,0.475,13.7,0.257,111.8,105.0,6.799999999999997
2006,Denver Nuggets,DEN,True,44.0,38.0,82.0,0.5365853658536586,105.5,105.2,0.3,93.9,0.535,0.488,13.7,26.8,72.0,0.258,0.493,14.7,0.227,105.5,105.2,0.29999999999999716
2006,Detroit Pistons,DET,True,64.0,18.0,82.0,0.7804878048780488,110.8,103.1,7.7,86.8,0.535,0.497,11.2,28.9,71.2,0.216,0.477,13.7,0.191,110.8,103.1,7.700000000000003
2006,Golden State Warriors,GSW,False,34.0,48.0,82.0,0.4146341463414634,104.8,106.2,-1.4,93.3,0.521,0.479,13.0,26.9,71.6,0.232,0.492,14.1,0.243,104.8,106.2,-1.4000000000000057
2006,Houston Rockets,HOU,False,34.0,48.0,82.0,0.4146341463414634,101.6,103.3,-1.7,88.0,0.519,0.471,14.3,25.5,74.6,0.24,0.472,13.1,0.247,101.6,103.3,-1.7000000000000028
2006,Indiana Pacers,IND,True,41.0,41.0,82.0,0.5,104.5,102.4,2.1,89.7,0.533,0.487,14.8,27.1,72.6,0.254,0.464,13.0,0.232,104.5,102.4,2.0999999999999943
2006,Los Angeles Clippers,LAC,True,47.0,35.0,82.0,0.573170731707317,105.3,103.6,1.7,91.7,0.54,0.487,13.8,25.4,75.9,0.263,0.471,12.2,0.24,105.3,103.6,1.7000000000000028
2006,Los Angeles Lakers,LAL,True,45.0,37.0,82.0,0.5487804878048781,108.4,105.7,2.7,90.9,0.539,0.495,13.1,28.8,73.6,0.245,0.486,13.4,0.242,108.4,105.7,2.700000000000003
2006,Memphis Grizzlies,MEM,True,49.0,33.0,82.0,0.5975609756097561,105.9,101.6,4.3,86.3,0.537,0.496,13.9,25.8,72.0,0.241,0.469,14.7,0.237,105.9,101.6,4.300000000000011
2006,Miami Heat,MIA,True,52.0,30.0,82.0,0.6341463414634146,108.7,104.5,4.2,91.6,0.556,0.517,13.9,26.7,76.4,0.254,0.477,12.4,0.251,108.7,104.5,4.200000000000003
2006,Milwaukee Bucks,MIL,True,40.0,42.0,82.0,0.4878048780487805,106.3,107.4,-1.1,91.2,0.535,0.492,13.8,27.3,74.6,0.238,0.504,13.8,0.262,106.3,107.4,-1.1000000000000085
2006,Minnesota Timberwolves,MIN,False,33.0,49.0,82.0,0.4024390243902439,102.4,104.5,-2.1,88.8,0.524,0.48,14.2,25.2,71.3,0.226,0.475,13.4,0.236,102.4,104.5,-2.0999999999999943
2006,New Jersey Nets,NJN,True,49.0,33.0,82.0,0.5975609756097561,103.9,102.4,1.5,89.8,0.528,0.478,13.3,24.0,76.3,0.262,0.476,14.0,0.266,103.9,102.4,1.5
2006,New Orleans/Oklahoma City Hornets,NOK,False,38.0,44.0,82.0,0.4634146341463415,103.7,106.8,-3.1,89.0,0.515,0.464,12.9,26.9,73.4,0.257,0.502,14.3,0.243,103.7,106.8,-3.0999999999999943
2006,New York Knicks,NYK,False,23.0,59.0,82.0,0.2804878048780488,104.0,111.0,-7.0,90.8,0.534,0.481,16.5,31.2,72.8,0.303,0.511,13.4,0.294,104.0,111.0,-7.0
2006,Orlando Magic,ORL,False,36.0,46.0,82.0,0.43902439024390244,106.3,107.5,-1.2,88.3,0.543,0.496,14.7,28.5,72.5,0.27,0.49,13.0,0.264,106.3,107.5,-1.2000000000000028
2006,Philadelphia 76ers,PHI,False,38.0,44.0,82.0,0.4634146341463415,106.0,108.1,-2.1,92.7,0.538,0.487,13.3,25.6,71.3,0.27,0.5,14.3,0.24,106.0,108.1,-2.0999999999999943
2006,Phoenix Suns,PHO,True,54.0,28.0,82.0,0.6585365853658537,111.5,105.8,5.7,95.8,0.568,0.537,12.2,22.1,72.1,0.166,0.49,13.2,0.2,111.5,105.8,5.700000000000003
2006,Portland Trail Blazers,POR,False,21.0,61.0,82.0,0.25609756097560976,101.1,111.9,-10.8,87.6,0.511,0.474,14.5,26.6,68.2,0.214,0.507,12.6,0.231,101.1,111.9,-10.800000000000011
2006,Sacramento Kings,SAC,True,44.0,38.0,82.0,0.5365853658536586,106.7,105.0,1.7,91.9,0.544,0.492,13.9,25.4,72.2,0.262,0.488,13.7,0.21,106.7,105.0,1.7000000000000028
2006,San Antonio Spurs,SAS,True,63.0,19.0,82.0,0.7682926829268293,107.3,99.6,7.7,88.5,0.546,0.513,13.6,26.0,74.2,0.209,0.457,13.5,0.22,107.3,99.6,7.700000000000003
2006,Seattle SuperSonics,SEA,False,35.0,47.0,82.0,0.4268292682926829,111.1,114.4,-3.3,91.6,0.551,0.504,13.7,30.4,69.0,0.246,0.527,13.6,0.26,111.1,114.4,-3.3000000000000114
2006,Toronto Raptors,TOR,False,27.0,55.0,82.0,0.32926829268292684,109.5,112.7,-3.2,91.1,0.548,0.5,12.4,25.4,73.3,0.249,0.53,13.5,0.263,109.5,112.7,-3.200000000000003
2006,Utah Jazz,UTA,False,41.0,41.0,82.0,0.5,104.1,107.0,-2.9,87.8,0.519,0.467,15.0,32.4,73.2,0.286,0.49,14.0,0.303,104.1,107.0,-2.9000000000000057
2006,Washington Wizards,WAS,True,42.0,40.0,82.0,0.5121951219512195,109.3,107.3,2.0,92.3,0.538,0.484,12.8,29.5,70.9,0.284,0.504,15.1,0.256,109.3,107.3,2.0
2005,Atlanta Hawks,ATL,False,13.0,69.0,82.0,0.15853658536585366,100.6,111.1,-10.5,91.4,0.504,0.464,14.9,30.7,72.1,0.212,0.513,14.0,0.289,100.6,111.1,-10.5
2005,Boston Celtics,BOS,True,45.0,37.0,82.0,0.5487804878048781,107.5,106.6,0.9,93.3,0.551,0.501,14.7,27.2,70.1,0.273,0.481,14.2,0.274,107.5,106.6,0.9000000000000057
2005,Charlotte Bobcats,CHA,False,18.0,64.0,82.0,0.21951219512195122,101.1,107.5,-6.4,92.3,0.497,0.455,13.3,29.5,70.9,0.217,0.497,14.7,0.269,101.1,107.5,-6.400000000000006
2005,Chicago Bulls,CHI,True,47.0,35.0,82.0,0.573170731707317,101.4,100.3,1.1,92.4,0.517,0.471,15.5,28.4,72.6,0.233,0.454,14.4,0.262,101.4,100.3,1.1000000000000085
2005,Cleveland Cavaliers,CLE,False,42.0,40.0,82.0,0.5121951219512195,106.6,105.7,0.9,89.7,0.518,0.47,13.0,32.5,71.5,0.244,0.485,14.1,0.248,106.6,105.7,0.8999999999999915
2005,Dallas Mavericks,DAL,True,58.0,24.0,82.0,0.7073170731707317,110.3,104.1,6.2,92.7,0.545,0.492,12.5,28.6,70.2,0.273,0.472,14.3,0.239,110.3,104.1,6.200000000000003
2005,Denver Nuggets,DEN,True,49.0,33.0,82.0,0.5975609756097561,106.0,103.9,2.1,93.5,0.535,0.483,13.8,28.4,71.7,0.267,0.482,15.1,0.247,106.0,103.9,2.0999999999999943
2005,Detroit Pistons,DET,True,54.0,28.0,82.0,0.6585365853658537,105.6,101.2,4.4,87.2,0.519,0.472,13.3,31.2,73.0,0.247,0.461,13.5,0.207,105.6,101.2,4.3999999999999915
2005,Golden State Warriors,GSW,False,34.0,48.0,82.0,0.4146341463414634,104.7,106.9,-2.2,93.3,0.512,0.475,12.3,27.8,69.7,0.201,0.491,13.9,0.227,104.7,106.9,-2.200000000000003
2005,Houston Rockets,HOU,True,51.0,31.0,82.0,0.6219512195121951,106.2,101.7,4.5,88.8,0.534,0.486,13.5,26.3,74.5,0.242,0.459,12.9,0.245,106.2,101.7,4.5
2005,Indiana Pacers,IND,True,44.0,38.0,82.0,0.5365853658536586,105.5,104.6,0.9,87.2,0.534,0.476,14.1,26.4,71.3,0.283,0.472,13.6,0.261,105.5,104.6,0.9000000000000057
2005,Los Angeles Clippers,LAC,False,37.0,45.0,82.0,0.45121951219512196,105.5,106.4,-0.9,89.1,0.533,0.477,14.9,30.3,71.3,0.278,0.48,13.0,0.235,105.5,106.4,-0.9000000000000057
2005,Los Angeles Lakers,LAL,False,34.0,48.0,82.0,0.4146341463414634,108.1,111.4,-3.3,90.8,0.535,0.485,13.4,29.5,71.1,0.251,0.493,11.0,0.218,108.1,111.4,-3.3000000000000114
2005,Memphis Grizzlies,MEM,True,45.0,37.0,82.0,0.5487804878048781,105.5,102.9,2.6,88.5,0.535,0.489,14.3,27.1,69.9,0.243,0.466,15.4,0.27,105.5,102.9,2.5999999999999943
2005,Miami Heat,MIA,True,59.0,23.0,82.0,0.7195121951219512,110.2,103.1,7.1,90.8,0.559,0.524,13.1,27.0,74.1,0.26,0.46,12.4,0.242,110.2,103.1,7.1000000000000085
2005,Milwaukee Bucks,MIL,False,30.0,52.0,82.0,0.36585365853658536,106.6,109.8,-3.2,90.8,0.527,0.475,13.0,29.0,72.0,0.261,0.499,12.4,0.233,106.6,109.8,-3.200000000000003
2005,Minnesota Timberwolves,MIN,False,44.0,38.0,82.0,0.5365853658536586,108.2,106.6,1.6,89.1,0.534,0.489,12.7,28.6,71.4,0.219,0.472,11.2,0.208,108.2,106.6,1.6000000000000085
2005,New Jersey Nets,NJN,True,42.0,40.0,82.0,0.5121951219512195,101.4,103.1,-1.7,89.1,0.512,0.463,13.7,25.5,73.2,0.242,0.479,15.2,0.278,101.4,103.1,-1.6999999999999886
2005,New Orleans Hornets,NOH,False,18.0,64.0,82.0,0.21951219512195122,99.7,107.7,-8.0,87.6,0.493,0.446,14.2,29.1,70.7,0.214,0.491,13.9,0.261,99.7,107.7,-8.0
2005,New York Knicks,NYK,False,33.0,49.0,82.0,0.4024390243902439,106.2,108.9,-2.7,90.7,0.531,0.485,13.8,28.3,71.2,0.239,0.501,13.8,0.265,106.2,108.9,-2.700000000000003
2005,Orlando Magic,ORL,False,36.0,46.0,82.0,0.43902439024390244,104.9,107.3,-2.4,94.7,0.529,0.478,14.6,29.9,71.3,0.265,0.484,13.2,0.255,104.9,107.3,-2.3999999999999915
2005,Philadelphia 76ers,PHI,True,43.0,39.0,82.0,0.524390243902439,103.5,104.3,-0.8,94.9,0.528,0.475,14.2,25.4,72.7,0.257,0.485,15.4,0.267,103.5,104.3,-0.7999999999999972
2005,Phoenix Suns,PHO,True,62.0,20.0,82.0,0.7560975609756098,114.5,107.1,7.4,95.9,0.571,0.534,12.4,27.5,68.3,0.222,0.478,12.0,0.176,114.5,107.1,7.400000000000006
2005,Portland Trail Blazers,POR,False,27.0,55.0,82.0,0.32926829268292684,103.2,107.7,-4.5,89.8,0.524,0.484,15.2,29.6,67.7,0.219,0.479,12.6,0.204,103.2,107.7,-4.5
2005,Sacramento Kings,SAC,True,50.0,32.0,82.0,0.6097560975609756,110.5,108.2,2.3,93.0,0.541,0.496,12.0,28.8,69.0,0.226,0.493,13.3,0.214,110.5,108.2,2.299999999999997
2005,San Antonio Spurs,SAS,True,59.0,23.0,82.0,0.7195121951219512,107.5,98.8,8.7,88.9,0.534,0.492,13.2,29.1,73.6,0.238,0.452,14.7,0.236,107.5,98.8,8.700000000000003
2005,Seattle SuperSonics,SEA,True,52.0,30.0,82.0,0.6341463414634146,112.2,109.6,2.6,87.9,0.546,0.495,13.0,32.4,71.3,0.259,0.496,12.9,0.249,112.2,109.6,2.6000000000000085
2005,Toronto Raptors,TOR,False,33.0,49.0,82.0,0.4024390243902439,106.9,108.7,-1.8,92.7,0.539,0.492,12.5,23.7,71.1,0.244,0.499,13.4,0.24,106.9,108.7,-1.7999999999999972
2005,Utah Jazz,UTA,False,26.0,56.0,82.0,0.3170731707317073,104.7,109.5,-4.8,88.4,0.522,0.469,15.0,31.9,72.3,0.273,0.499,14.2,0.34,104.7,109.5,-4.799999999999997
2005,Washington Wizards,WAS,True,45.0,37.0,82.0,0.5487804878048781,107.2,107.5,-0.3,93.3,0.523,0.474,12.9,31.1,70.0,0.264,0.498,14.6,0.23,107.2,107.5,-0.29999999999999716
2004,Atlanta Hawks,ATL,False,28.0,54.0,82.0,0.34146341463414637,101.0,106.1,-5.1,90.8,0.514,0.465,15.4,28.6,70.5,0.235,0.476,13.1,0.234,101.0,106.1,-5.099999999999994
2004,Boston Celtics,BOS,True,36.0,46.0,82.0,0.43902439024390244,102.1,103.7,-1.6,93.2,0.532,0.486,15.4,25.2,69.5,0.245,0.479,15.7,0.24,102.1,103.7,-1.6000000000000085
2004,Chicago Bulls,CHI,False,23.0,59.0,82.0,0.2804878048780488,96.6,103.4,-6.8,92.2,0.486,0.446,14.9,28.1,71.4,0.197,0.469,14.1,0.253,96.6,103.4,-6.800000000000011
2004,Cleveland Cavaliers,CLE,False,35.0,47.0,82.0,0.4268292682926829,101.4,104.2,-2.8,90.8,0.498,0.451,13.7,31.1,73.0,0.226,0.469,12.3,0.221,101.4,104.2,-2.799999999999997
2004,Dallas Mavericks,DAL,True,52.0,30.0,82.0,0.6341463414634146,112.1,107.4,4.7,93.2,0.536,0.495,11.1,31.4,71.6,0.204,0.498,13.9,0.214,112.1,107.4,4.699999999999989
2004,Denver Nuggets,DEN,True,43.0,39.0,82.0,0.524390243902439,103.9,102.7,1.2,93.3,0.517,0.467,14.2,30.5,69.3,0.245,0.481,15.6,0.221,103.9,102.7,1.2000000000000028
2004,Detroit Pistons,DET,True,54.0,28.0,82.0,0.6585365853658537,102.0,95.4,6.6,87.9,0.511,0.461,14.7,30.1,71.8,0.247,0.441,15.5,0.202,102.0,95.4,6.599999999999994
2004,Golden State Warriors,GSW,False,37.0,45.0,82.0,0.45121951219512196,103.0,103.8,-0.8,89.8,0.517,0.475,14.1,28.4,72.1,0.226,0.476,13.3,0.211,103.0,103.8,-0.7999999999999972
2004,Houston Rockets,HOU,True,45.0,37.0,82.0,0.5487804878048781,100.9,99.0,1.9,87.8,0.528,0.484,16.4,26.5,74.5,0.221,0.447,13.1,0.233,100.9,99.0,1.9000000000000057
2004,Indiana Pacers,IND,True,61.0,21.0,82.0,0.7439024390243902,103.8,97.2,6.6,87.5,0.52,0.471,14.1,28.5,73.9,0.243,0.459,15.7,0.218,103.8,97.2,6.599999999999994
2004,Los Angeles Clippers,LAC,False,28.0,54.0,82.0,0.34146341463414637,103.5,108.5,-5.0,91.0,0.512,0.453,15.0,32.8,70.0,0.275,0.494,12.9,0.231,103.5,108.5,-5.0
2004,Los Angeles Lakers,LAL,True,56.0,26.0,82.0,0.6829268292682927,105.5,101.3,4.2,92.3,0.522,0.481,12.8,28.1,73.3,0.244,0.471,14.3,0.222,105.5,101.3,4.200000000000003
2004,Memphis Grizzlies,MEM,True,50.0,32.0,82.0,0.6097560975609756,104.8,102.2,2.6,91.4,0.522,0.479,13.9,29.5,68.4,0.234,0.465,15.7,0.251,104.8,102.2,2.5999999999999943
2004,Miami Heat,MIA,True,42.0,40.0,82.0,0.5121951219512195,102.2,101.7,0.5,88.0,0.51,0.463,13.5,27.4,73.4,0.227,0.463,14.5,0.26,102.2,101.7,0.5
2004,Milwaukee Bucks,MIL,True,41.0,41.0,82.0,0.5,106.5,105.4,1.1,91.6,0.528,0.477,12.7,27.6,71.8,0.255,0.485,13.3,0.213,106.5,105.4,1.0999999999999943
2004,Minnesota Timberwolves,MIN,True,58.0,24.0,82.0,0.7073170731707317,105.9,99.7,6.2,89.0,0.528,0.486,12.4,26.7,72.5,0.207,0.444,12.9,0.215,105.9,99.7,6.200000000000003
2004,New Jersey Nets,NJN,True,47.0,35.0,82.0,0.573170731707317,100.8,98.0,2.8,89.4,0.515,0.471,14.4,25.9,73.9,0.219,0.46,15.7,0.221,100.8,98.0,2.799999999999997
2004,New Orleans Hornets,NOH,True,41.0,41.0,82.0,0.5,102.3,102.4,-0.1,89.1,0.505,0.46,14.1,30.6,71.3,0.22,0.476,15.0,0.218,102.3,102.4,-0.10000000000000853
2004,New York Knicks,NYK,True,39.0,43.0,82.0,0.47560975609756095,101.7,103.3,-1.6,89.5,0.518,0.474,15.1,28.0,72.8,0.211,0.461,13.2,0.259,101.7,103.3,-1.5999999999999943
2004,Orlando Magic,ORL,False,21.0,61.0,82.0,0.25609756097560976,102.7,110.4,-7.7,90.8,0.504,0.461,12.8,28.1,68.7,0.218,0.502,12.7,0.214,102.7,110.4,-7.700000000000003
2004,Philadelphia 76ers,PHI,False,33.0,49.0,82.0,0.4024390243902439,99.1,101.9,-2.8,88.0,0.505,0.456,15.5,28.2,70.7,0.242,0.467,14.7,0.231,99.1,101.9,-2.8000000000000114
2004,Phoenix Suns,PHO,False,29.0,53.0,82.0,0.35365853658536583,101.4,105.5,-4.1,92.6,0.515,0.475,14.3,26.6,69.9,0.209,0.482,14.7,0.24,101.4,105.5,-4.099999999999994
2004,Portland Trail Blazers,POR,False,41.0,41.0,82.0,0.5,103.7,105.1,-1.4,86.2,0.515,0.478,14.4,31.2,70.0,0.195,0.482,13.3,0.186,103.7,105.1,-1.3999999999999915
2004,Sacramento Kings,SAC,True,55.0,27.0,82.0,0.6707317073170732,110.3,104.9,5.4,92.8,0.554,0.507,13.0,26.0,69.8,0.242,0.483,13.7,0.193,110.3,104.9,5.3999999999999915
2004,San Antonio Spurs,SAS,True,57.0,25.0,82.0,0.6951219512195121,102.2,94.1,8.1,89.2,0.511,0.473,14.1,29.5,74.6,0.219,0.433,14.8,0.215,102.2,94.1,8.100000000000009
2004,Seattle SuperSonics,SEA,False,37.0,45.0,82.0,0.45121951219512196,107.3,108.0,-0.7,89.9,0.54,0.501,13.9,27.2,68.5,0.207,0.487,13.9,0.237,107.3,108.0,-0.7000000000000028
2004,Toronto Raptors,TOR,False,33.0,49.0,82.0,0.4024390243902439,97.0,100.4,-3.4,86.8,0.495,0.454,14.1,23.8,70.1,0.195,0.449,14.1,0.241,97.0,100.4,-3.4000000000000057
2004,Utah Jazz,UTA,False,42.0,40.0,82.0,0.5121951219512195,101.9,103.3,-1.4,86.6,0.509,0.456,16.1,34.1,72.4,0.266,0.468,15.4,0.319,101.9,103.3,-1.3999999999999915
2004,Washington Wizards,WAS,False,25.0,57.0,82.0,0.3048780487804878,98.8,104.8,-6.0,92.2,0.5,0.454,16.0,30.7,69.5,0.241,0.486,14.9,0.214,98.8,104.8,-6.0
2003,Atlanta Hawks,ATL,False,35.0,47.0,82.0,0.4268292682926829,102.3,106.1,-3.8,91.0,0.527,0.476,15.7,27.9,70.4,0.248,0.469,12.1,0.222,102.3,106.1,-3.799999999999997
2003,Boston Celtics,BOS,True,44.0,38.0,82.0,0.5365853658536586,101.2,101.6,-0.4,90.9,0.514,0.47,13.4,23.6,72.5,0.227,0.471,15.1,0.242,101.2,101.6,-0.3999999999999915
2003,Chicago Bulls,CHI,False,30.0,52.0,82.0,0.36585365853658536,100.2,105.6,-5.4,93.5,0.512,0.471,15.4,27.7,69.5,0.217,0.47,13.3,0.263,100.2,105.6,-5.3999999999999915
2003,Cleveland Cavaliers,CLE,False,17.0,65.0,82.0,0.2073170731707317,96.5,106.7,-10.2,94.0,0.491,0.444,16.4,31.0,73.2,0.223,0.484,13.0,0.252,96.5,106.7,-10.200000000000003
2003,Dallas Mavericks,DAL,True,60.0,22.0,82.0,0.7317073170731707,110.7,102.3,8.4,92.5,0.543,0.498,10.9,25.4,70.9,0.213,0.473,14.8,0.221,110.7,102.3,8.400000000000006
2003,Denver Nuggets,DEN,False,17.0,65.0,82.0,0.2073170731707317,92.2,101.3,-9.1,91.0,0.469,0.428,17.1,31.3,73.3,0.198,0.477,16.5,0.29,92.2,101.3,-9.099999999999994
2003,Detroit Pistons,DET,True,50.0,32.0,82.0,0.6097560975609756,104.1,99.9,4.2,86.8,0.523,0.473,13.3,25.9,74.0,0.248,0.461,13.9,0.225,104.1,99.9,4.199999999999989
2003,Golden State Warriors,GSW,False,38.0,44.0,82.0,0.4634146341463415,108.3,109.5,-1.2,94.2,0.526,0.472,13.9,35.0,67.9,0.267,0.482,12.2,0.22,108.3,109.5,-1.2000000000000028
2003,Houston Rockets,HOU,False,43.0,39.0,82.0,0.524390243902439,104.3,102.6,1.7,88.8,0.522,0.474,14.8,30.3,72.4,0.243,0.462,12.6,0.209,104.3,102.6,1.7000000000000028
2003,Indiana Pacers,IND,True,48.0,34.0,82.0,0.5853658536585366,104.6,100.8,3.8,91.6,0.522,0.469,13.7,29.0,72.3,0.263,0.458,14.3,0.228,104.6,100.8,3.799999999999997
2003,Los Angeles Clippers,LAC,False,27.0,55.0,82.0,0.32926829268292684,102.3,106.8,-4.5,91.3,0.516,0.467,14.8,29.1,70.2,0.252,0.481,13.1,0.222,102.3,106.8,-4.5
2003,Los Angeles Lakers,LAL,True,50.0,32.0,82.0,0.6097560975609756,107.2,104.7,2.5,92.5,0.528,0.486,13.3,30.2,72.7,0.228,0.477,13.4,0.241,107.2,104.7,2.5
2003,Memphis Grizzlies,MEM,False,28.0,54.0,82.0,0.34146341463414637,103.9,107.3,-3.4,92.7,0.526,0.487,14.2,27.0,68.7,0.212,0.491,13.4,0.197,103.9,107.3,-3.3999999999999915
2003,Miami Heat,MIA,False,25.0,57.0,82.0,0.3048780487804878,96.7,102.4,-5.7,87.8,0.483,0.439,13.8,26.8,73.9,0.198,0.47,14.1,0.257,96.7,102.4,-5.700000000000003
2003,Milwaukee Bucks,MIL,True,42.0,40.0,82.0,0.5121951219512195,108.8,108.6,0.2,90.4,0.543,0.5,12.2,25.6,69.9,0.222,0.494,13.5,0.237,108.8,108.6,0.20000000000000284
2003,Minnesota Timberwolves,MIN,True,51.0,31.0,82.0,0.6219512195121951,106.1,103.8,2.3,91.9,0.528,0.488,12.9,28.2,72.9,0.206,0.472,12.7,0.203,106.1,103.8,2.299999999999997
2003,New Jersey Nets,NJN,True,49.0,33.0,82.0,0.5975609756097561,103.8,98.1,5.7,91.6,0.518,0.468,13.8,28.7,73.1,0.252,0.46,15.7,0.225,103.8,98.1,5.700000000000003
2003,New Orleans Hornets,NOH,True,47.0,35.0,82.0,0.573170731707317,103.9,101.6,2.3,89.4,0.511,0.465,13.9,31.7,73.1,0.219,0.464,14.0,0.226,103.9,101.6,2.3000000000000114
2003,New York Knicks,NYK,False,37.0,45.0,82.0,0.45121951219512196,104.7,106.2,-1.5,90.7,0.528,0.486,13.4,24.4,71.8,0.196,0.485,13.7,0.261,104.7,106.2,-1.5
2003,Orlando Magic,ORL,True,42.0,40.0,82.0,0.5121951219512195,105.2,105.0,0.2,93.1,0.526,0.478,13.3,27.0,71.1,0.239,0.486,15.1,0.25,105.2,105.0,0.20000000000000284
2003,Philadelphia 76ers,PHI,True,48.0,34.0,82.0,0.5853658536585366,105.0,102.5,2.5,91.4,0.52,0.466,13.7,30.3,72.7,0.263,0.488,16.2,0.243,105.0,102.5,2.5
2003,Phoenix Suns,PHO,True,44.0,38.0,82.0,0.5365853658536586,103.7,102.5,1.2,91.5,0.514,0.473,13.7,29.7,70.3,0.211,0.47,14.8,0.222,103.7,102.5,1.2000000000000028
2003,Portland Trail Blazers,POR,True,50.0,32.0,82.0,0.6097560975609756,105.5,102.6,2.9,89.4,0.531,0.489,14.5,30.2,72.3,0.223,0.483,14.9,0.194,105.5,102.6,2.9000000000000057
2003,Sacramento Kings,SAC,True,59.0,23.0,82.0,0.7195121951219512,105.9,99.1,6.8,95.4,0.535,0.499,13.3,25.6,70.6,0.196,0.446,13.6,0.204,105.9,99.1,6.800000000000011
2003,San Antonio Spurs,SAS,True,60.0,22.0,82.0,0.7317073170731707,105.6,99.7,5.9,90.0,0.541,0.497,15.1,28.8,71.3,0.253,0.453,14.2,0.199,105.6,99.7,5.8999999999999915
2003,Seattle SuperSonics,SEA,False,40.0,42.0,82.0,0.4878048780487805,103.7,103.9,-0.2,88.0,0.512,0.472,12.8,28.1,71.8,0.201,0.484,14.3,0.21,103.7,103.9,-0.20000000000000284
2003,Toronto Raptors,TOR,False,24.0,58.0,82.0,0.2926829268292683,100.5,107.0,-6.5,89.9,0.497,0.458,13.6,28.2,70.7,0.203,0.489,13.1,0.226,100.5,107.0,-6.5
2003,Utah Jazz,UTA,True,47.0,35.0,82.0,0.573170731707317,105.5,102.8,2.7,89.3,0.537,0.486,16.0,32.5,70.2,0.283,0.468,15.2,0.256,105.5,102.8,2.700000000000003
2003,Washington Wizards,WAS,False,37.0,45.0,82.0,0.45121951219512196,103.0,104.1,-1.1,88.2,0.513,0.46,13.0,27.3,71.6,0.253,0.477,13.8,0.212,103.0,104.1,-1.0999999999999943
2002,Atlanta Hawks,ATL,False,33.0,49.0,82.0,0.4024390243902439,101.8,106.4,-4.6,91.9,0.517,0.471,14.6,27.5,70.9,0.225,0.495,14.1,0.218,101.8,106.4,-4.6000000000000085
2002,Boston Celtics,BOS,True,49.0,33.0,82.0,0.5975609756097561,103.4,101.0,2.4,92.5,0.52,0.476,12.8,24.1,72.9,0.223,0.464,15.1,0.245,103.4,101.0,2.4000000000000057
2002,Charlotte Hornets,CHH,True,44.0,38.0,82.0,0.5365853658536586,104.3,103.3,1.0,89.7,0.513,0.466,13.3,30.6,72.2,0.238,0.465,13.3,0.226,104.3,103.3,1.0
2002,Chicago Bulls,CHI,False,21.0,61.0,82.0,0.25609756097560976,98.2,107.6,-9.4,90.5,0.499,0.456,14.6,26.6,71.4,0.218,0.497,13.7,0.239,98.2,107.6,-9.399999999999991
2002,Cleveland Cavaliers,CLE,False,29.0,53.0,82.0,0.35365853658536583,104.6,108.2,-3.6,90.3,0.524,0.477,13.8,28.9,72.8,0.232,0.493,12.3,0.226,104.6,108.2,-3.6000000000000085
2002,Dallas Mavericks,DAL,True,57.0,25.0,82.0,0.6951219512195121,112.2,107.7,4.5,92.8,0.553,0.507,11.3,26.1,70.7,0.232,0.485,12.9,0.239,112.2,107.7,4.5
2002,Denver Nuggets,DEN,False,27.0,55.0,82.0,0.32926829268292684,101.4,107.8,-6.4,90.4,0.495,0.455,13.6,30.6,69.9,0.19,0.492,13.6,0.245,101.4,107.8,-6.3999999999999915
2002,Detroit Pistons,DET,True,50.0,32.0,82.0,0.6097560975609756,104.8,102.4,2.4,90.0,0.54,0.497,14.3,24.4,70.5,0.235,0.474,14.8,0.206,104.8,102.4,2.3999999999999915
2002,Golden State Warriors,GSW,False,21.0,61.0,82.0,0.25609756097560976,102.8,108.5,-5.7,94.5,0.499,0.452,14.7,35.3,69.4,0.242,0.488,12.9,0.232,102.8,108.5,-5.700000000000003
2002,Houston Rockets,HOU,False,28.0,54.0,82.0,0.34146341463414637,103.1,108.6,-5.5,88.2,0.507,0.465,13.4,29.0,69.8,0.211,0.491,11.5,0.178,103.1,108.6,-5.5
2002,Indiana Pacers,IND,True,42.0,40.0,82.0,0.5121951219512195,104.1,103.8,0.3,91.9,0.527,0.477,14.2,27.0,71.0,0.253,0.469,13.2,0.227,104.1,103.8,0.29999999999999716
2002,Los Angeles Clippers,LAC,False,39.0,43.0,82.0,0.47560975609756095,105.5,106.0,-0.5,90.1,0.519,0.476,13.8,31.3,69.9,0.225,0.477,12.1,0.194,105.5,106.0,-0.5
2002,Los Angeles Lakers,LAL,True,58.0,24.0,82.0,0.7073170731707317,109.4,101.7,7.7,92.1,0.534,0.498,11.8,28.8,72.0,0.218,0.453,13.0,0.233,109.4,101.7,7.700000000000003
2002,Memphis Grizzlies,MEM,False,23.0,59.0,82.0,0.2804878048780488,98.2,106.3,-8.1,91.1,0.501,0.462,15.4,27.8,68.0,0.204,0.486,13.7,0.197,98.2,106.3,-8.099999999999994
2002,Miami Heat,MIA,False,36.0,46.0,82.0,0.43902439024390244,98.5,100.2,-1.7,87.4,0.501,0.463,14.6,26.6,74.0,0.194,0.455,13.6,0.249,98.5,100.2,-1.7000000000000028
2002,Milwaukee Bucks,MIL,False,41.0,41.0,82.0,0.5,106.9,107.1,-0.2,90.2,0.544,0.507,13.6,25.6,70.9,0.201,0.477,12.0,0.217,106.9,107.1,-0.19999999999998863
2002,Minnesota Timberwolves,MIN,True,50.0,32.0,82.0,0.6097560975609756,109.0,105.3,3.7,90.5,0.532,0.49,12.5,31.3,73.7,0.203,0.482,12.7,0.218,109.0,105.3,3.700000000000003
2002,New Jersey Nets,NJN,True,52.0,30.0,82.0,0.6341463414634146,104.0,99.5,4.5,91.8,0.515,0.476,13.4,29.2,71.6,0.206,0.459,14.9,0.213,104.0,99.5,4.5
2002,New York Knicks,NYK,False,30.0,52.0,82.0,0.36585365853658536,101.5,105.9,-4.4,89.7,0.514,0.468,14.0,25.6,71.9,0.216,0.479,12.9,0.236,101.5,105.9,-4.400000000000006
2002,Orlando Magic,ORL,True,44.0,38.0,82.0,0.5365853658536586,107.0,105.3,1.7,93.2,0.533,0.493,12.6,26.3,69.2,0.21,0.486,14.4,0.215,107.0,105.3,1.7000000000000028
2002,Philadelphia 76ers,PHI,True,43.0,39.0,82.0,0.524390243902439,102.1,100.3,1.8,88.9,0.507,0.452,14.6,31.7,72.1,0.255,0.46,14.2,0.208,102.1,100.3,1.7999999999999972
2002,Phoenix Suns,PHO,False,36.0,46.0,82.0,0.43902439024390244,103.3,104.0,-0.7,91.4,0.51,0.472,13.6,30.1,70.2,0.18,0.476,14.4,0.227,103.3,104.0,-0.7000000000000028
2002,Portland Trail Blazers,POR,True,49.0,33.0,82.0,0.5975609756097561,107.4,104.0,3.4,89.3,0.528,0.485,13.5,31.8,73.3,0.218,0.489,14.2,0.202,107.4,104.0,3.4000000000000057
2002,Sacramento Kings,SAC,True,61.0,21.0,82.0,0.7439024390243902,109.0,101.1,7.9,95.6,0.539,0.497,12.4,27.9,71.7,0.231,0.467,13.6,0.185,109.0,101.1,7.900000000000006
2002,San Antonio Spurs,SAS,True,58.0,24.0,82.0,0.7073170731707317,106.5,99.7,6.8,90.0,0.539,0.492,13.8,27.2,71.9,0.262,0.453,13.7,0.189,106.5,99.7,6.799999999999997
2002,Seattle SuperSonics,SEA,True,45.0,37.0,82.0,0.5487804878048781,108.9,105.6,3.3,89.0,0.54,0.505,13.2,29.4,68.1,0.189,0.485,14.5,0.206,108.9,105.6,3.3000000000000114
2002,Toronto Raptors,TOR,True,42.0,40.0,82.0,0.5121951219512195,102.6,103.1,-0.5,88.8,0.501,0.463,13.6,31.4,70.1,0.189,0.471,14.7,0.237,102.6,103.1,-0.5
2002,Utah Jazz,UTA,True,44.0,38.0,82.0,0.5365853658536586,105.6,104.6,1.0,90.3,0.529,0.472,15.4,33.5,71.7,0.291,0.484,15.9,0.286,105.6,104.6,1.0
2002,Washington Wizards,WAS,False,37.0,45.0,82.0,0.45121951219512196,104.8,106.4,-1.6,88.3,0.508,0.464,12.5,30.7,71.4,0.214,0.484,13.0,0.214,104.8,106.4,-1.6000000000000085
2001,Atlanta Hawks,ATL,False,25.0,57.0,82.0,0.3048780487804878,98.7,104.3,-5.6,91.9,0.5,0.456,15.5,28.9,70.8,0.206,0.472,13.8,0.249,98.7,104.3,-5.599999999999994
2001,Boston Celtics,BOS,False,36.0,46.0,82.0,0.43902439024390244,101.4,103.7,-2.3,92.6,0.521,0.473,14.7,25.3,72.7,0.25,0.493,16.0,0.256,101.4,103.7,-2.299999999999997
2001,Charlotte Hornets,CHH,True,46.0,36.0,82.0,0.5609756097560976,101.8,99.5,2.3,89.4,0.506,0.457,13.7,29.8,74.5,0.246,0.456,14.1,0.222,101.8,99.5,2.299999999999997
2001,Chicago Bulls,CHI,False,15.0,67.0,82.0,0.18292682926829268,97.2,107.3,-10.1,89.3,0.495,0.45,15.1,26.6,70.3,0.22,0.499,14.3,0.254,97.2,107.3,-10.099999999999994
2001,Cleveland Cavaliers,CLE,False,30.0,52.0,82.0,0.36585365853658536,100.3,104.9,-4.6,91.2,0.509,0.459,15.4,29.7,71.1,0.239,0.477,14.1,0.248,100.3,104.9,-4.6000000000000085
2001,Dallas Mavericks,DAL,True,53.0,29.0,82.0,0.6463414634146342,107.1,102.6,4.5,93.2,0.544,0.498,13.1,24.1,70.7,0.231,0.467,14.2,0.244,107.1,102.6,4.5
2001,Denver Nuggets,DEN,False,40.0,42.0,82.0,0.4878048780487805,103.7,106.3,-2.6,92.6,0.511,0.47,12.8,28.3,71.8,0.211,0.476,12.1,0.223,103.7,106.3,-2.5999999999999943
2001,Detroit Pistons,DET,False,32.0,50.0,82.0,0.3902439024390244,100.0,101.8,-1.8,94.7,0.498,0.453,14.2,29.3,72.2,0.234,0.466,14.0,0.233,100.0,101.8,-1.7999999999999972
2001,Golden State Warriors,GSW,False,17.0,65.0,82.0,0.2073170731707317,97.8,107.4,-9.6,94.1,0.47,0.429,13.9,33.3,69.7,0.199,0.504,15.0,0.227,97.8,107.4,-9.600000000000009
2001,Houston Rockets,HOU,False,45.0,37.0,82.0,0.5487804878048781,106.7,104.2,2.5,90.4,0.538,0.492,14.0,27.5,71.9,0.244,0.475,12.6,0.206,106.7,104.2,2.5
2001,Indiana Pacers,IND,True,41.0,41.0,82.0,0.5,102.0,102.2,-0.2,89.4,0.519,0.471,14.5,27.0,71.4,0.239,0.452,12.8,0.235,102.0,102.2,-0.20000000000000284
2001,Los Angeles Clippers,LAC,False,31.0,51.0,82.0,0.3780487804878049,101.3,104.5,-3.2,89.6,0.514,0.476,14.9,28.3,71.1,0.221,0.466,12.0,0.217,101.3,104.5,-3.200000000000003
2001,Los Angeles Lakers,LAL,True,56.0,26.0,82.0,0.6829268292682927,108.4,104.8,3.6,91.7,0.535,0.498,13.3,31.1,72.5,0.238,0.468,12.2,0.234,108.4,104.8,3.6000000000000085
2001,Miami Heat,MIA,True,50.0,32.0,82.0,0.6097560975609756,101.1,98.5,2.6,87.1,0.515,0.469,13.7,24.3,72.7,0.227,0.46,15.3,0.214,101.1,98.5,2.5999999999999943
2001,Milwaukee Bucks,MIL,True,52.0,30.0,82.0,0.6341463414634146,108.8,104.6,4.2,92.1,0.542,0.499,12.8,28.1,71.1,0.217,0.473,14.4,0.253,108.8,104.6,4.200000000000003
2001,Minnesota Timberwolves,MIN,True,47.0,35.0,82.0,0.573170731707317,105.2,103.7,1.5,91.8,0.523,0.482,13.0,28.6,71.9,0.199,0.478,14.2,0.238,105.2,103.7,1.5
2001,New Jersey Nets,NJN,False,26.0,56.0,82.0,0.3170731707317073,100.0,105.5,-5.5,91.8,0.504,0.452,13.9,25.7,70.0,0.249,0.488,14.9,0.258,100.0,105.5,-5.5
2001,New York Knicks,NYK,True,48.0,34.0,82.0,0.5853658536585366,101.2,98.2,3.0,86.7,0.523,0.476,14.6,24.2,74.3,0.222,0.453,14.7,0.24,101.2,98.2,3.0
2001,Orlando Magic,ORL,True,43.0,39.0,82.0,0.524390243902439,103.2,102.1,1.1,93.2,0.513,0.474,13.8,29.1,69.8,0.215,0.464,15.6,0.29,103.2,102.1,1.1000000000000085
2001,Philadelphia 76ers,PHI,True,56.0,26.0,82.0,0.6829268292682927,103.6,98.9,4.7,90.6,0.518,0.468,14.7,31.2,72.5,0.262,0.46,14.5,0.186,103.6,98.9,4.699999999999989
2001,Phoenix Suns,PHO,True,51.0,31.0,82.0,0.6219512195121951,100.3,98.0,2.3,93.1,0.506,0.46,14.1,27.3,73.7,0.221,0.46,16.3,0.252,100.3,98.0,2.299999999999997
2001,Portland Trail Blazers,POR,True,50.0,32.0,82.0,0.6097560975609756,106.5,101.8,4.7,89.1,0.539,0.497,14.8,30.0,72.4,0.225,0.47,14.3,0.223,106.5,101.8,4.700000000000003
2001,Sacramento Kings,SAC,True,55.0,27.0,82.0,0.6707317073170732,105.6,99.6,6.0,94.4,0.529,0.484,13.4,27.2,70.7,0.23,0.46,14.5,0.181,105.6,99.6,6.0
2001,San Antonio Spurs,SAS,True,58.0,24.0,82.0,0.7073170731707317,106.6,98.0,8.6,89.6,0.541,0.496,13.6,27.1,73.7,0.267,0.444,12.9,0.182,106.6,98.0,8.599999999999994
2001,Seattle SuperSonics,SEA,False,44.0,38.0,82.0,0.5365853658536586,105.6,105.6,0.0,91.6,0.53,0.491,14.3,29.1,69.8,0.219,0.488,13.9,0.199,105.6,105.6,0.0
2001,Toronto Raptors,TOR,True,47.0,35.0,82.0,0.573170731707317,105.9,103.4,2.5,90.9,0.51,0.468,12.1,30.8,73.2,0.213,0.476,13.3,0.212,105.9,103.4,2.5
2001,Utah Jazz,UTA,True,53.0,29.0,82.0,0.6463414634146342,107.6,102.4,5.2,89.8,0.546,0.497,15.1,30.2,73.2,0.273,0.473,15.6,0.301,107.6,102.4,5.199999999999989
2001,Vancouver Grizzlies,VAN,False,23.0,59.0,82.0,0.2804878048780488,99.6,105.8,-6.2,91.7,0.51,0.464,14.9,26.1,69.8,0.223,0.491,13.8,0.194,99.6,105.8,-6.200000000000003
2001,Washington Wizards,WAS,False,19.0,63.0,82.0,0.23170731707317074,100.6,107.8,-7.2,92.7,0.514,0.46,15.7,29.7,71.8,0.264,0.503,14.1,0.236,100.6,107.8,-7.200000000000003
2000,Atlanta Hawks,ATL,False,28.0,54.0,82.0,0.34146341463414637,102.0,107.9,-5.9,91.7,0.503,0.46,14.1,31.7,71.0,0.217,0.481,11.3,0.196,102.0,107.9,-5.900000000000006
2000,Boston Celtics,BOS,False,35.0,47.0,82.0,0.4268292682926829,104.8,105.6,-0.8,94.6,0.52,0.474,13.8,30.4,73.8,0.236,0.498,15.8,0.306,104.8,105.6,-0.7999999999999972
2000,Charlotte Hornets,CHH,True,49.0,33.0,82.0,0.5975609756097561,104.3,101.4,2.9,93.9,0.53,0.475,13.7,25.7,73.2,0.285,0.478,14.6,0.198,104.3,101.4,2.8999999999999915
2000,Chicago Bulls,CHI,False,17.0,65.0,82.0,0.2073170731707317,94.2,104.6,-10.4,89.4,0.49,0.443,18.0,29.9,69.9,0.24,0.484,14.5,0.24,94.2,104.6,-10.399999999999991
2000,Cleveland Cavaliers,CLE,False,32.0,50.0,82.0,0.3902439024390244,100.4,104.0,-3.6,95.7,0.516,0.468,15.6,28.1,71.2,0.245,0.474,15.1,0.275,100.4,104.0,-3.5999999999999943
2000,Dallas Mavericks,DAL,False,40.0,42.0,82.0,0.4878048780487805,106.6,107.2,-0.6,94.9,0.532,0.49,12.6,25.5,66.1,0.2,0.488,14.2,0.21,106.6,107.2,-0.6000000000000085
2000,Denver Nuggets,DEN,False,35.0,47.0,82.0,0.4268292682926829,103.5,105.8,-2.3,94.7,0.517,0.476,14.0,29.2,71.6,0.222,0.479,13.0,0.235,103.5,105.8,-2.299999999999997
2000,Detroit Pistons,DET,True,42.0,40.0,82.0,0.5121951219512195,107.3,105.8,1.5,95.7,0.548,0.492,14.3,26.8,71.6,0.295,0.499,15.4,0.249,107.3,105.8,1.5
2000,Golden State Warriors,GSW,False,19.0,63.0,82.0,0.23170731707317074,99.8,108.4,-8.6,95.4,0.484,0.444,13.9,32.6,69.1,0.21,0.499,14.6,0.259,99.8,108.4,-8.600000000000009
2000,Houston Rockets,HOU,False,34.0,48.0,82.0,0.4146341463414634,104.8,105.7,-0.9,94.2,0.536,0.494,15.8,29.1,71.6,0.236,0.481,12.5,0.201,104.8,105.7,-0.9000000000000057
2000,Indiana Pacers,IND,True,56.0,26.0,82.0,0.6829268292682927,108.5,103.6,4.9,93.1,0.552,0.503,13.3,24.9,71.5,0.245,0.469,12.6,0.197,108.5,103.6,4.900000000000006
2000,Los Angeles Clippers,LAC,False,15.0,67.0,82.0,0.18292682926829268,97.8,110.1,-12.3,93.9,0.499,0.458,14.9,26.1,69.6,0.202,0.507,13.1,0.22,97.8,110.1,-12.299999999999997
2000,Los Angeles Lakers,LAL,True,67.0,15.0,82.0,0.8170731707317073,107.3,98.2,9.1,93.3,0.525,0.484,12.7,30.6,73.1,0.241,0.443,13.4,0.222,107.3,98.2,9.099999999999994
2000,Miami Heat,MIA,True,52.0,30.0,82.0,0.6341463414634146,104.5,101.0,3.5,89.7,0.533,0.495,14.5,28.2,72.9,0.208,0.453,13.3,0.229,104.5,101.0,3.5
2000,Milwaukee Bucks,MIL,True,42.0,40.0,82.0,0.5121951219512195,108.2,107.9,0.3,92.7,0.539,0.494,13.8,30.0,69.6,0.228,0.496,14.6,0.254,108.2,107.9,0.29999999999999716
2000,Minnesota Timberwolves,MIN,True,50.0,32.0,82.0,0.6097560975609756,106.1,103.4,2.7,91.8,0.525,0.485,12.9,29.4,73.0,0.2,0.474,14.0,0.25,106.1,103.4,2.6999999999999886
2000,New Jersey Nets,NJN,False,31.0,51.0,82.0,0.3780487804878049,105.1,106.3,-1.2,92.5,0.517,0.468,12.6,28.1,67.2,0.233,0.491,15.2,0.223,105.1,106.3,-1.2000000000000028
2000,New York Knicks,NYK,True,50.0,32.0,82.0,0.6097560975609756,102.5,100.9,1.6,89.2,0.527,0.482,14.4,24.7,73.1,0.221,0.455,13.6,0.251,102.5,100.9,1.5999999999999943
2000,Orlando Magic,ORL,False,41.0,41.0,82.0,0.5,102.4,101.7,0.7,97.3,0.516,0.473,15.4,31.6,69.9,0.224,0.476,15.9,0.226,102.4,101.7,0.7000000000000028
2000,Philadelphia 76ers,PHI,True,49.0,33.0,82.0,0.5975609756097561,101.5,100.0,1.5,92.7,0.501,0.457,14.2,31.4,69.9,0.233,0.466,16.2,0.229,101.5,100.0,1.5
2000,Phoenix Suns,PHO,True,53.0,29.0,82.0,0.6463414634146342,104.6,99.0,5.6,94.0,0.532,0.491,15.2,29.3,70.5,0.217,0.454,15.7,0.245,104.6,99.0,5.599999999999994
2000,Portland Trail Blazers,POR,True,59.0,23.0,82.0,0.7195121951219512,107.9,100.8,7.1,89.9,0.546,0.501,14.5,30.3,72.4,0.24,0.461,13.8,0.217,107.9,100.8,7.1000000000000085
2000,Sacramento Kings,SAC,True,44.0,38.0,82.0,0.5365853658536586,105.0,102.1,2.9,99.3,0.526,0.486,13.9,27.7,69.7,0.209,0.479,15.1,0.198,105.0,102.1,2.9000000000000057
2000,San Antonio Spurs,SAS,True,53.0,29.0,82.0,0.6463414634146342,105.0,98.6,6.4,90.8,0.535,0.488,14.3,27.8,73.0,0.258,0.451,13.5,0.188,105.0,98.6,6.400000000000006
2000,Seattle SuperSonics,SEA,True,45.0,37.0,82.0,0.5487804878048781,105.6,104.6,1.0,93.4,0.52,0.487,12.9,28.5,69.6,0.196,0.483,14.0,0.193,105.6,104.6,1.0
2000,Toronto Raptors,TOR,True,45.0,37.0,82.0,0.5487804878048781,104.7,104.9,-0.2,92.5,0.511,0.464,12.7,30.1,71.8,0.23,0.48,14.2,0.247,104.7,104.9,-0.20000000000000284
2000,Utah Jazz,UTA,True,55.0,27.0,82.0,0.6707317073170732,107.3,102.3,5.0,89.6,0.54,0.49,14.3,29.5,73.2,0.26,0.477,15.0,0.256,107.3,102.3,5.0
2000,Vancouver Grizzlies,VAN,False,22.0,60.0,82.0,0.2682926829268293,102.3,108.5,-6.2,91.0,0.524,0.474,15.8,30.1,70.6,0.247,0.502,14.1,0.231,102.3,108.5,-6.200000000000003
2000,Washington Wizards,WAS,False,29.0,53.0,82.0,0.35365853658536583,103.5,107.0,-3.5,92.7,0.521,0.476,14.8,30.6,71.7,0.234,0.489,13.9,0.273,103.5,107.0,-3.5
1999,Atlanta Hawks,ATL,True,31.0,19.0,50.0,0.62,100.5,97.1,3.4,85.3,0.492,0.436,14.5,33.1,72.1,0.277,0.437,13.4,0.202,100.5,97.1,3.4000000000000057
1999,Boston Celtics,BOS,False,19.0,31.0,50.0,0.38,100.4,102.4,-2.0,91.5,0.501,0.469,14.8,30.6,69.4,0.179,0.465,15.6,0.287,100.4,102.4,-2.0
1999,Charlotte Hornets,CHH,False,26.0,24.0,50.0,0.52,102.3,102.4,-0.1,89.7,0.537,0.485,15.5,24.4,69.5,0.278,0.461,14.3,0.24,102.3,102.4,-0.10000000000000853
1999,Chicago Bulls,CHI,False,13.0,37.0,50.0,0.26,92.4,103.0,-10.6,88.1,0.47,0.424,15.1,26.8,71.7,0.219,0.483,15.3,0.241,92.4,103.0,-10.599999999999994
1999,Cleveland Cavaliers,CLE,False,22.0,28.0,50.0,0.44,99.6,101.6,-2.0,86.4,0.52,0.464,15.9,25.1,69.0,0.285,0.468,16.2,0.267,99.6,101.6,-2.0
1999,Dallas Mavericks,DAL,False,19.0,31.0,50.0,0.38,102.3,104.9,-2.6,89.0,0.502,0.459,13.2,29.8,69.1,0.218,0.476,13.3,0.212,102.3,104.9,-2.6000000000000085
1999,Denver Nuggets,DEN,False,14.0,36.0,50.0,0.28,103.1,110.4,-7.3,90.5,0.511,0.459,13.9,30.1,69.2,0.253,0.499,13.2,0.248,103.1,110.4,-7.300000000000011
1999,Detroit Pistons,DET,True,29.0,21.0,50.0,0.58,104.2,100.3,3.9,86.3,0.528,0.48,15.6,30.5,72.0,0.256,0.468,15.4,0.259,104.2,100.3,3.9000000000000057
1999,Golden State Warriors,GSW,False,21.0,29.0,50.0,0.42,98.4,101.1,-2.7,88.9,0.471,0.434,14.1,35.2,70.4,0.19,0.445,14.0,0.29,98.4,101.1,-2.6999999999999886
1999,Houston Rockets,HOU,True,31.0,19.0,50.0,0.62,105.4,102.9,2.5,88.8,0.545,0.506,15.8,27.8,69.9,0.228,0.461,12.4,0.188,105.4,102.9,2.5
1999,Indiana Pacers,IND,True,33.0,17.0,50.0,0.66,108.7,104.4,4.3,86.4,0.537,0.486,12.8,28.7,69.9,0.253,0.46,12.7,0.236,108.7,104.4,4.299999999999997
1999,Los Angeles Clippers,LAC,False,9.0,41.0,50.0,0.18,100.0,109.7,-9.7,89.5,0.497,0.454,14.9,30.6,66.9,0.22,0.503,14.8,0.279,100.0,109.7,-9.700000000000003
1999,Los Angeles Lakers,LAL,True,31.0,19.0,50.0,0.62,107.6,104.3,3.3,91.6,0.538,0.498,14.1,30.6,70.2,0.261,0.468,13.3,0.267,107.6,104.3,3.299999999999997
1999,Miami Heat,MIA,True,33.0,17.0,50.0,0.66,104.7,98.9,5.8,84.8,0.54,0.494,15.3,27.3,71.0,0.26,0.439,13.6,0.226,104.7,98.9,5.799999999999997
1999,Milwaukee Bucks,MIL,True,28.0,22.0,50.0,0.56,104.9,103.0,1.9,87.0,0.53,0.489,14.3,29.0,67.6,0.222,0.463,16.0,0.275,104.9,103.0,1.9000000000000057
1999,Minnesota Timberwolves,MIN,True,25.0,25.0,50.0,0.5,101.9,101.5,0.4,91.0,0.481,0.439,11.7,32.5,70.2,0.196,0.467,15.8,0.276,101.9,101.5,0.4000000000000057
1999,New Jersey Nets,NJN,False,16.0,34.0,50.0,0.32,99.5,103.6,-4.1,91.5,0.485,0.434,13.7,31.1,69.7,0.231,0.481,15.2,0.238,99.5,103.6,-4.099999999999994
1999,New York Knicks,NYK,True,27.0,23.0,50.0,0.54,98.6,97.5,1.1,86.9,0.509,0.463,15.9,27.9,71.0,0.241,0.434,14.9,0.258,98.6,97.5,1.0999999999999943
1999,Orlando Magic,ORL,True,33.0,17.0,50.0,0.66,100.3,97.4,2.9,88.8,0.498,0.456,15.4,32.6,70.8,0.222,0.473,16.7,0.181,100.3,97.4,2.8999999999999915
1999,Philadelphia 76ers,PHI,True,28.0,22.0,50.0,0.56,99.9,97.6,2.3,88.6,0.494,0.439,15.3,34.2,69.8,0.276,0.454,17.1,0.249,99.9,97.6,2.3000000000000114
1999,Phoenix Suns,PHO,True,27.0,23.0,50.0,0.54,105.8,103.3,2.5,90.0,0.526,0.481,13.0,28.4,69.8,0.231,0.485,15.4,0.216,105.8,103.3,2.5
1999,Portland Trail Blazers,POR,True,35.0,15.0,50.0,0.7,104.8,97.7,7.1,89.2,0.521,0.473,14.5,31.8,71.8,0.253,0.445,14.9,0.233,104.8,97.7,7.099999999999994
1999,Sacramento Kings,SAC,True,27.0,23.0,50.0,0.54,102.7,103.1,-0.4,96.0,0.514,0.479,14.7,30.6,67.7,0.205,0.471,13.7,0.176,102.7,103.1,-0.3999999999999915
1999,San Antonio Spurs,SAS,True,37.0,13.0,50.0,0.74,104.0,95.0,9.0,88.6,0.523,0.479,14.6,30.4,69.5,0.259,0.423,13.8,0.198,104.0,95.0,9.0
1999,Seattle SuperSonics,SEA,False,25.0,25.0,50.0,0.5,105.0,106.2,-1.2,89.6,0.519,0.481,14.3,31.9,68.6,0.232,0.489,14.1,0.213,105.0,106.2,-1.2000000000000028
1999,Toronto Raptors,TOR,False,23.0,27.0,50.0,0.46,102.0,103.9,-1.9,88.8,0.504,0.45,15.0,33.8,70.2,0.257,0.473,14.8,0.258,102.0,103.9,-1.9000000000000057
1999,Utah Jazz,UTA,True,37.0,13.0,50.0,0.74,105.8,98.4,7.4,87.0,0.545,0.485,16.0,30.0,70.4,0.32,0.441,14.4,0.242,105.8,98.4,7.3999999999999915
1999,Vancouver Grizzlies,VAN,False,8.0,42.0,50.0,0.16,98.4,107.9,-9.5,89.0,0.498,0.447,16.0,30.9,66.9,0.263,0.492,14.7,0.261,98.4,107.9,-9.5
1999,Washington Wizards,WAS,False,18.0,32.0,50.0,0.36,101.2,103.7,-2.5,89.8,0.507,0.468,14.1,28.2,69.5,0.213,0.474,15.1,0.273,101.2,103.7,-2.5
1998,Atlanta Hawks,ATL,True,50.0,32.0,82.0,0.6097560975609756,108.2,104.3,3.9,87.7,0.533,0.481,14.1,33.9,69.1,0.275,0.468,13.0,0.194,108.2,104.3,3.9000000000000057
1998,Boston Celtics,BOS,False,36.0,46.0,82.0,0.43902439024390244,102.5,105.3,-2.8,93.3,0.504,0.464,14.6,32.8,66.8,0.206,0.504,19.0,0.343,102.5,105.3,-2.799999999999997
1998,Charlotte Hornets,CHH,True,51.0,31.0,82.0,0.6219512195121951,107.5,105.3,2.2,89.4,0.542,0.495,14.6,30.4,70.8,0.259,0.493,14.6,0.224,107.5,105.3,2.200000000000003
1998,Chicago Bulls,CHI,True,62.0,20.0,82.0,0.7560975609756098,107.7,99.8,7.9,89.0,0.516,0.473,13.3,35.7,70.6,0.219,0.457,14.7,0.22,107.7,99.8,7.900000000000006
1998,Cleveland Cavaliers,CLE,True,47.0,35.0,82.0,0.573170731707317,102.1,99.1,3.0,89.9,0.529,0.478,16.5,30.0,71.1,0.266,0.46,16.8,0.264,102.1,99.1,3.0
1998,Dallas Mavericks,DAL,False,20.0,62.0,82.0,0.24390243902439024,100.5,107.2,-6.7,89.9,0.498,0.458,13.6,27.6,65.1,0.194,0.488,14.0,0.195,100.5,107.2,-6.700000000000003
1998,Denver Nuggets,DEN,False,11.0,71.0,82.0,0.13414634146341464,99.0,112.1,-13.1,89.7,0.496,0.44,15.1,30.2,66.3,0.259,0.506,14.3,0.285,99.0,112.1,-13.099999999999994
1998,Detroit Pistons,DET,False,37.0,45.0,82.0,0.45121951219512196,105.3,103.5,1.8,88.2,0.523,0.472,14.0,30.9,70.2,0.267,0.474,14.8,0.243,105.3,103.5,1.7999999999999972
1998,Golden State Warriors,GSW,False,19.0,63.0,82.0,0.23170731707317074,95.8,105.7,-9.9,91.4,0.468,0.427,15.1,33.7,68.6,0.197,0.469,13.0,0.247,95.8,105.7,-9.900000000000006
1998,Houston Rockets,HOU,True,41.0,41.0,82.0,0.5,107.7,108.6,-0.9,91.0,0.544,0.496,14.8,29.8,69.3,0.251,0.499,13.3,0.208,107.7,108.6,-0.8999999999999915
1998,Indiana Pacers,IND,True,58.0,24.0,82.0,0.7073170731707317,108.4,101.5,6.9,87.9,0.55,0.502,14.0,27.9,67.8,0.262,0.453,14.4,0.236,108.4,101.5,6.900000000000006
1998,Los Angeles Clippers,LAC,False,17.0,65.0,82.0,0.2073170731707317,103.3,111.2,-7.9,92.4,0.518,0.477,14.8,29.6,66.1,0.221,0.498,12.9,0.243,103.3,111.2,-7.900000000000006
1998,Los Angeles Lakers,LAL,True,61.0,21.0,82.0,0.7439024390243902,111.9,103.7,8.2,93.6,0.559,0.519,14.0,31.6,68.8,0.285,0.467,14.1,0.245,111.9,103.7,8.200000000000003
1998,Miami Heat,MIA,True,55.0,27.0,82.0,0.6707317073170732,107.6,102.0,5.6,87.9,0.538,0.494,14.5,31.5,69.6,0.243,0.452,14.2,0.257,107.6,102.0,5.599999999999994
1998,Milwaukee Bucks,MIL,False,36.0,46.0,82.0,0.43902439024390244,103.5,105.6,-2.1,90.2,0.527,0.475,15.8,31.4,69.1,0.26,0.485,15.5,0.282,103.5,105.6,-2.0999999999999943
1998,Minnesota Timberwolves,MIN,True,45.0,37.0,82.0,0.5487804878048781,107.8,107.1,0.7,92.6,0.529,0.483,12.7,30.6,68.5,0.244,0.48,13.5,0.24,107.8,107.1,0.7000000000000028
1998,New Jersey Nets,NJN,True,43.0,39.0,82.0,0.524390243902439,108.3,106.6,1.7,91.0,0.513,0.463,12.9,36.7,66.4,0.253,0.499,16.7,0.258,108.3,106.6,1.7000000000000028
1998,New York Knicks,NYK,True,43.0,39.0,82.0,0.524390243902439,103.0,100.3,2.7,88.2,0.521,0.476,14.7,29.5,74.0,0.218,0.455,14.7,0.282,103.0,100.3,2.700000000000003
1998,Orlando Magic,ORL,False,41.0,41.0,82.0,0.5,102.6,103.8,-1.2,87.1,0.499,0.452,14.5,34.2,66.9,0.24,0.478,14.8,0.202,102.6,103.8,-1.2000000000000028
1998,Philadelphia 76ers,PHI,False,31.0,51.0,82.0,0.3780487804878049,102.8,105.4,-2.6,90.5,0.514,0.462,15.4,32.5,67.3,0.271,0.481,15.1,0.256,102.8,105.4,-2.6000000000000085
1998,Phoenix Suns,PHO,True,56.0,26.0,82.0,0.6829268292682927,107.4,101.8,5.6,91.4,0.54,0.5,14.0,29.7,70.0,0.217,0.471,15.3,0.227,107.4,101.8,5.6000000000000085
1998,Portland Trail Blazers,POR,True,46.0,36.0,82.0,0.5609756097560976,104.0,102.4,1.6,90.0,0.524,0.476,15.8,33.0,71.4,0.256,0.46,13.4,0.249,104.0,102.4,1.5999999999999943
1998,Sacramento Kings,SAC,False,27.0,55.0,82.0,0.32926829268292684,100.8,106.9,-6.1,92.1,0.502,0.464,14.3,30.2,66.6,0.215,0.482,14.0,0.23,100.8,106.9,-6.1000000000000085
1998,San Antonio Spurs,SAS,True,56.0,26.0,82.0,0.6829268292682927,103.8,99.4,4.4,88.4,0.531,0.493,15.6,30.6,72.2,0.241,0.437,12.2,0.218,103.8,99.4,4.3999999999999915
1998,Seattle SuperSonics,SEA,True,61.0,21.0,82.0,0.7439024390243902,111.6,103.6,8.0,89.8,0.558,0.521,13.4,28.7,66.1,0.236,0.478,15.9,0.223,111.6,103.6,8.0
1998,Toronto Raptors,TOR,False,16.0,66.0,82.0,0.1951219512195122,101.2,111.0,-9.8,92.6,0.504,0.462,15.1,32.1,62.9,0.217,0.508,14.9,0.235,101.2,111.0,-9.799999999999997
1998,Utah Jazz,UTA,True,62.0,20.0,82.0,0.7560975609756098,112.7,105.4,7.3,89.2,0.569,0.51,14.8,32.3,71.0,0.334,0.471,13.5,0.271,112.7,105.4,7.299999999999997
1998,Vancouver Grizzlies,VAN,False,19.0,63.0,82.0,0.23170731707317074,104.1,112.0,-7.9,92.1,0.527,0.482,15.8,31.5,66.9,0.242,0.507,13.0,0.24,104.1,112.0,-7.900000000000006
1998,Washington Wizards,WAS,False,42.0,40.0,82.0,0.5121951219512195,105.2,104.5,0.7,91.8,0.513,0.476,13.0,31.2,69.5,0.219,0.481,15.1,0.248,105.2,104.5,0.7000000000000028
1997,Atlanta Hawks,ATL,True,56.0,26.0,82.0,0.6829268292682927,108.5,102.3,6.2,86.8,0.542,0.498,14.6,31.5,69.2,0.236,0.472,15.0,0.191,108.5,102.3,6.200000000000003
1997,Boston Celtics,BOS,False,15.0,67.0,82.0,0.18292682926829268,103.9,111.4,-7.5,95.8,0.52,0.474,14.5,29.4,68.5,0.237,0.539,15.8,0.243,103.9,111.4,-7.5
1997,Charlotte Hornets,CHH,True,54.0,28.0,82.0,0.6585365853658537,110.9,108.9,2.0,88.6,0.562,0.518,14.3,28.7,68.1,0.243,0.496,13.3,0.204,110.9,108.9,2.0
1997,Chicago Bulls,CHI,True,69.0,13.0,82.0,0.8414634146341463,114.4,102.4,12.0,90.0,0.547,0.511,12.5,35.9,69.3,0.199,0.471,14.8,0.196,114.4,102.4,12.0
1997,Cleveland Cavaliers,CLE,False,42.0,40.0,82.0,0.5121951219512195,104.6,102.4,2.2,82.9,0.531,0.493,15.0,29.4,71.9,0.215,0.482,16.8,0.281,104.6,102.4,2.1999999999999886
1997,Dallas Mavericks,DAL,False,24.0,58.0,82.0,0.2926829268292683,101.1,108.2,-7.1,89.0,0.509,0.469,15.4,30.0,67.3,0.213,0.5,14.9,0.229,101.1,108.2,-7.1000000000000085
1997,Denver Nuggets,DEN,False,21.0,61.0,82.0,0.25609756097560976,104.5,111.2,-6.7,92.4,0.53,0.486,15.2,28.8,69.3,0.227,0.501,11.8,0.206,104.5,111.2,-6.700000000000003
1997,Detroit Pistons,DET,True,54.0,28.0,82.0,0.6585365853658537,110.6,104.4,6.2,84.5,0.554,0.512,13.0,27.5,70.4,0.244,0.487,14.6,0.197,110.6,104.4,6.199999999999989
1997,Golden State Warriors,GSW,False,30.0,52.0,82.0,0.36585365853658536,107.2,112.2,-5.0,91.9,0.543,0.493,15.8,32.3,67.5,0.258,0.518,14.4,0.234,107.2,112.2,-5.0
1997,Houston Rockets,HOU,True,57.0,25.0,82.0,0.6951219512195121,108.8,104.0,4.8,91.6,0.56,0.52,15.6,28.4,71.4,0.232,0.481,13.3,0.19,108.8,104.0,4.799999999999997
1997,Indiana Pacers,IND,False,39.0,43.0,82.0,0.47560975609756095,105.8,104.7,1.1,89.0,0.537,0.49,15.5,31.3,70.4,0.27,0.48,15.0,0.258,105.8,104.7,1.0999999999999943
1997,Los Angeles Clippers,LAC,True,36.0,46.0,82.0,0.43902439024390244,105.1,107.6,-2.5,91.3,0.524,0.482,14.7,30.8,68.1,0.227,0.499,15.5,0.269,105.1,107.6,-2.5
1997,Los Angeles Lakers,LAL,True,56.0,26.0,82.0,0.6829268292682927,108.3,103.7,4.6,91.1,0.535,0.496,13.7,31.6,68.5,0.243,0.478,15.1,0.231,108.3,103.7,4.599999999999994
1997,Miami Heat,MIA,True,61.0,21.0,82.0,0.7439024390243902,106.8,100.6,6.2,88.2,0.546,0.507,15.5,29.2,70.6,0.233,0.465,15.6,0.248,106.8,100.6,6.200000000000003
1997,Milwaukee Bucks,MIL,False,33.0,49.0,82.0,0.4024390243902439,106.2,108.3,-2.1,89.5,0.541,0.496,15.1,29.7,69.9,0.248,0.501,14.1,0.253,106.2,108.3,-2.0999999999999943
1997,Minnesota Timberwolves,MIN,True,40.0,42.0,82.0,0.4878048780487805,105.5,107.1,-1.6,90.7,0.533,0.485,14.4,28.8,68.3,0.254,0.486,14.6,0.252,105.5,107.1,-1.5999999999999943
1997,New Jersey Nets,NJN,False,26.0,56.0,82.0,0.3170731707317073,104.7,109.7,-5.0,92.4,0.499,0.456,13.9,36.4,69.0,0.212,0.503,14.1,0.244,104.7,109.7,-5.0
1997,New York Knicks,NYK,True,57.0,25.0,82.0,0.6951219512195121,104.4,101.0,3.4,90.5,0.546,0.501,17.0,30.5,73.4,0.255,0.463,15.4,0.279,104.4,101.0,3.4000000000000057
1997,Orlando Magic,ORL,True,45.0,37.0,82.0,0.5487804878048781,105.6,106.0,-0.4,88.3,0.524,0.481,14.5,30.9,67.3,0.227,0.495,15.3,0.211,105.6,106.0,-0.4000000000000057
1997,Philadelphia 76ers,PHI,False,22.0,60.0,82.0,0.2682926829268293,104.6,111.4,-6.8,95.3,0.518,0.47,15.3,34.1,66.5,0.259,0.51,13.8,0.222,104.6,111.4,-6.800000000000011
1997,Phoenix Suns,PHO,True,40.0,42.0,82.0,0.4878048780487805,109.3,108.6,0.7,93.2,0.552,0.508,13.4,27.1,69.4,0.241,0.507,14.4,0.215,109.3,108.6,0.7000000000000028
1997,Portland Trail Blazers,POR,True,49.0,33.0,82.0,0.5975609756097561,107.9,103.3,4.6,90.9,0.544,0.503,15.4,32.5,72.4,0.249,0.471,14.3,0.268,107.9,103.3,4.6000000000000085
1997,Sacramento Kings,SAC,False,34.0,48.0,82.0,0.4146341463414634,105.0,108.7,-3.7,91.0,0.526,0.485,15.0,32.0,68.5,0.226,0.495,14.3,0.264,105.0,108.7,-3.700000000000003
1997,San Antonio Spurs,SAS,False,20.0,62.0,82.0,0.24390243902439024,103.3,112.3,-9.0,87.3,0.512,0.472,14.7,32.4,67.0,0.217,0.514,14.0,0.236,103.3,112.3,-9.0
1997,Seattle SuperSonics,SEA,True,57.0,25.0,82.0,0.6951219512195121,111.2,102.7,8.5,90.3,0.557,0.51,14.2,30.9,69.1,0.269,0.49,17.7,0.242,111.2,102.7,8.5
1997,Toronto Raptors,TOR,False,30.0,52.0,82.0,0.36585365853658536,104.6,108.0,-3.4,90.6,0.521,0.481,15.2,32.5,68.6,0.218,0.504,15.3,0.258,104.6,108.0,-3.4000000000000057
1997,Utah Jazz,UTA,True,64.0,18.0,82.0,0.7804878048780488,113.6,104.0,9.6,90.0,0.581,0.53,14.7,29.7,71.6,0.299,0.48,15.5,0.29,113.6,104.0,9.599999999999994
1997,Vancouver Grizzlies,VAN,False,14.0,68.0,82.0,0.17073170731707318,100.3,111.8,-11.5,88.4,0.507,0.471,15.3,29.7,64.1,0.191,0.51,14.4,0.224,100.3,111.8,-11.5
1997,Washington Bullets,WSB,True,44.0,38.0,82.0,0.5365853658536586,106.6,104.9,1.7,92.4,0.54,0.505,14.6,30.2,70.3,0.21,0.491,15.3,0.226,106.6,104.9,1.6999999999999886
1996,Atlanta Hawks,ATL,True,46.0,36.0,82.0,0.5609756097560976,109.4,108.0,1.4,89.6,0.534,0.49,14.0,34.0,67.1,0.229,0.512,16.3,0.217,109.4,108.0,1.4000000000000057
1996,Boston Celtics,BOS,False,33.0,49.0,82.0,0.4024390243902439,106.4,109.9,-3.5,96.2,0.534,0.494,14.1,28.8,70.0,0.235,0.511,14.3,0.258,106.4,109.9,-3.5
1996,Charlotte Hornets,CHH,False,41.0,41.0,82.0,0.5,111.2,111.8,-0.6,91.6,0.558,0.514,14.1,29.5,70.3,0.246,0.529,13.9,0.217,111.2,111.8,-0.5999999999999943
1996,Chicago Bulls,CHI,True,72.0,10.0,82.0,0.8780487804878049,115.2,101.8,13.4,91.1,0.555,0.517,13.1,36.9,71.1,0.217,0.482,16.1,0.222,115.2,101.8,13.400000000000006
1996,Cleveland Cavaliers,CLE,True,47.0,35.0,82.0,0.573170731707317,109.9,106.7,3.2,82.3,0.551,0.51,13.7,28.6,70.2,0.226,0.506,16.3,0.242,109.9,106.7,3.200000000000003
1996,Dallas Mavericks,DAL,False,26.0,56.0,82.0,0.3170731707317073,106.1,111.2,-5.1,95.4,0.507,0.47,13.3,34.1,68.6,0.192,0.526,14.7,0.222,106.1,111.2,-5.1000000000000085
1996,Denver Nuggets,DEN,False,35.0,47.0,82.0,0.4268292682926829,105.2,108.1,-2.9,92.2,0.526,0.481,14.2,30.7,72.7,0.242,0.492,12.8,0.237,105.2,108.1,-2.8999999999999915
1996,Detroit Pistons,DET,True,46.0,36.0,82.0,0.5609756097560976,107.9,105.1,2.8,87.7,0.551,0.504,14.6,28.0,71.7,0.271,0.483,13.7,0.229,107.9,105.1,2.8000000000000114
1996,Golden State Warriors,GSW,False,36.0,46.0,82.0,0.43902439024390244,108.4,109.9,-1.5,93.4,0.539,0.489,14.8,33.9,67.2,0.265,0.51,15.2,0.232,108.4,109.9,-1.5
1996,Houston Rockets,HOU,True,48.0,34.0,82.0,0.5853658536585366,109.3,107.4,1.9,93.2,0.555,0.512,14.1,26.9,68.6,0.243,0.495,13.6,0.206,109.3,107.4,1.8999999999999915
1996,Indiana Pacers,IND,True,52.0,30.0,82.0,0.6341463414634146,110.8,107.2,3.6,89.3,0.56,0.509,15.5,33.0,69.3,0.294,0.491,14.7,0.271,110.8,107.2,3.5999999999999943
1996,Los Angeles Clippers,LAC,False,29.0,53.0,82.0,0.35365853658536583,106.5,110.3,-3.8,93.2,0.544,0.511,15.3,29.3,67.9,0.21,0.512,15.2,0.282,106.5,110.3,-3.799999999999997
1996,Los Angeles Lakers,LAL,True,53.0,29.0,82.0,0.6463414634146342,111.4,106.6,4.8,92.4,0.555,0.515,13.3,30.1,66.8,0.228,0.491,14.9,0.205,111.4,106.6,4.800000000000011
1996,Miami Heat,MIA,True,42.0,40.0,82.0,0.5121951219512195,105.3,103.8,1.5,91.1,0.541,0.501,16.0,30.1,71.8,0.245,0.469,14.8,0.298,105.3,103.8,1.5
1996,Milwaukee Bucks,MIL,False,25.0,57.0,82.0,0.3048780487804878,105.6,111.5,-5.9,90.2,0.534,0.495,15.0,29.7,68.4,0.218,0.52,14.1,0.248,105.6,111.5,-5.900000000000006
1996,Minnesota Timberwolves,MIN,False,26.0,56.0,82.0,0.3170731707317073,104.1,109.8,-5.7,93.5,0.535,0.48,16.0,29.8,68.7,0.277,0.509,15.0,0.267,104.1,109.8,-5.700000000000003
1996,New Jersey Nets,NJN,False,30.0,52.0,82.0,0.36585365853658536,101.9,106.5,-4.6,90.9,0.497,0.445,15.1,36.4,70.9,0.248,0.495,14.5,0.223,101.9,106.5,-4.599999999999994
1996,New York Knicks,NYK,True,47.0,35.0,82.0,0.573170731707317,106.0,103.5,2.5,91.0,0.55,0.509,14.9,25.5,71.1,0.232,0.476,14.8,0.251,106.0,103.5,2.5
1996,Orlando Magic,ORL,True,60.0,22.0,82.0,0.7317073170731707,112.9,106.9,6.0,91.8,0.562,0.529,13.2,29.0,68.8,0.232,0.491,14.0,0.223,112.9,106.9,6.0
1996,Philadelphia 76ers,PHI,False,18.0,64.0,82.0,0.21951219512195122,102.2,113.0,-10.8,92.2,0.522,0.474,16.0,29.4,65.0,0.259,0.522,14.4,0.217,102.2,113.0,-10.799999999999997
1996,Phoenix Suns,PHO,True,41.0,41.0,82.0,0.5,110.3,110.0,0.3,93.2,0.551,0.498,13.5,29.8,71.4,0.286,0.511,13.3,0.225,110.3,110.0,0.29999999999999716
1996,Portland Trail Blazers,POR,True,44.0,38.0,82.0,0.5365853658536586,106.0,103.5,2.5,92.6,0.528,0.494,15.2,33.4,73.4,0.23,0.478,13.5,0.236,106.0,103.5,2.5
1996,Sacramento Kings,SAC,True,39.0,43.0,82.0,0.47560975609756095,106.2,109.1,-2.9,93.4,0.54,0.493,16.0,32.5,69.0,0.271,0.498,15.1,0.302,106.2,109.1,-2.8999999999999915
1996,San Antonio Spurs,SAS,True,59.0,23.0,82.0,0.7195121951219512,110.2,103.5,6.7,93.3,0.558,0.516,13.6,27.5,70.0,0.252,0.472,13.9,0.216,110.2,103.5,6.700000000000003
1996,Seattle SuperSonics,SEA,True,64.0,18.0,82.0,0.7804878048780488,110.3,102.1,8.2,93.8,0.574,0.526,16.2,29.7,69.5,0.288,0.479,16.7,0.252,110.3,102.1,8.200000000000003
1996,Toronto Raptors,TOR,False,21.0,61.0,82.0,0.25609756097560976,103.8,111.8,-8.0,93.2,0.536,0.499,17.2,32.0,66.8,0.214,0.514,14.7,0.272,103.8,111.8,-8.0
1996,Utah Jazz,UTA,True,55.0,27.0,82.0,0.6707317073170732,113.3,106.1,7.2,90.0,0.566,0.517,14.1,31.6,71.7,0.276,0.489,15.1,0.295,113.3,106.1,7.200000000000003
1996,Vancouver Grizzlies,VAN,False,15.0,67.0,82.0,0.18292682926829268,97.6,108.5,-10.9,91.0,0.5,0.456,15.5,27.3,66.3,0.223,0.51,16.1,0.241,97.6,108.5,-10.900000000000006
1996,Washington Bullets,WSB,False,39.0,43.0,82.0,0.47560975609756095,108.7,107.6,1.1,93.7,0.558,0.521,15.0,28.2,67.8,0.228,0.489,15.0,0.274,108.7,107.6,1.1000000000000085
1995,Atlanta Hawks,ATL,True,42.0,40.0,82.0,0.5121951219512195,106.6,105.2,1.4,89.8,0.525,0.487,13.9,31.6,68.4,0.211,0.495,15.6,0.215,106.6,105.2,1.3999999999999915
1995,Boston Celtics,BOS,True,35.0,47.0,82.0,0.4268292682926829,108.6,110.6,-2.0,94.0,0.537,0.491,14.3,33.1,68.6,0.249,0.512,13.6,0.235,108.6,110.6,-2.0
1995,Charlotte Hornets,CHH,True,50.0,32.0,82.0,0.6097560975609756,109.6,106.1,3.5,91.2,0.562,0.517,14.3,26.0,68.5,0.247,0.485,13.8,0.202,109.6,106.1,3.5
1995,Chicago Bulls,CHI,True,47.0,35.0,82.0,0.573170731707317,109.5,104.3,5.2,92.0,0.546,0.509,14.5,32.9,68.2,0.224,0.488,16.7,0.263,109.5,104.3,5.200000000000003
1995,Cleveland Cavaliers,CLE,True,43.0,39.0,82.0,0.524390243902439,105.3,104.6,0.7,84.8,0.52,0.472,14.2,31.8,72.4,0.241,0.493,15.0,0.224,105.3,104.6,0.7000000000000028
1995,Dallas Mavericks,DAL,False,36.0,46.0,82.0,0.43902439024390244,107.6,110.6,-3.0,94.7,0.509,0.466,13.9,38.9,69.8,0.221,0.519,13.7,0.208,107.6,110.6,-3.0
1995,Denver Nuggets,DEN,True,41.0,41.0,82.0,0.5,109.1,108.2,0.9,91.5,0.556,0.511,15.6,32.0,70.2,0.263,0.487,13.2,0.257,109.1,108.2,0.8999999999999915
1995,Detroit Pistons,DET,False,28.0,54.0,82.0,0.34146341463414637,105.1,112.9,-7.8,93.2,0.538,0.499,15.0,28.3,65.8,0.217,0.51,14.2,0.299,105.1,112.9,-7.800000000000011
1995,Golden State Warriors,GSW,False,26.0,56.0,82.0,0.3170731707317073,106.7,112.2,-5.5,97.9,0.547,0.508,15.9,30.3,66.5,0.245,0.522,13.9,0.216,106.7,112.2,-5.5
1995,Houston Rockets,HOU,True,47.0,35.0,82.0,0.573170731707317,109.7,107.4,2.3,94.2,0.568,0.529,15.0,26.9,67.7,0.232,0.489,13.9,0.199,109.7,107.4,2.299999999999997
1995,Indiana Pacers,IND,True,52.0,30.0,82.0,0.6341463414634146,109.6,105.6,4.0,90.0,0.557,0.507,15.5,32.8,68.6,0.287,0.493,15.8,0.237,109.6,105.6,4.0
1995,Los Angeles Clippers,LAC,False,17.0,65.0,82.0,0.2073170731707317,101.5,111.1,-9.6,94.3,0.508,0.468,14.6,29.6,65.7,0.214,0.526,16.6,0.29,101.5,111.1,-9.599999999999994
1995,Los Angeles Lakers,LAL,True,48.0,34.0,82.0,0.5853658536585366,109.1,109.4,-0.3,95.2,0.539,0.5,13.4,31.3,64.4,0.215,0.5,14.8,0.224,109.1,109.4,-0.30000000000001137
1995,Miami Heat,MIA,False,32.0,50.0,82.0,0.3902439024390244,108.2,109.9,-1.7,92.9,0.54,0.499,14.4,31.7,68.7,0.233,0.51,14.9,0.264,108.2,109.9,-1.7000000000000028
1995,Milwaukee Bucks,MIL,False,34.0,48.0,82.0,0.4146341463414634,106.2,110.9,-4.7,92.7,0.537,0.496,15.5,31.3,68.3,0.244,0.53,15.3,0.23,106.2,110.9,-4.700000000000003
1995,Minnesota Timberwolves,MIN,False,21.0,61.0,82.0,0.25609756097560976,102.6,112.4,-9.8,91.4,0.532,0.475,16.2,27.7,64.1,0.293,0.51,14.8,0.28,102.6,112.4,-9.800000000000011
1995,New Jersey Nets,NJN,False,30.0,52.0,82.0,0.36585365853658536,105.2,108.6,-3.4,92.3,0.519,0.467,14.4,33.3,70.9,0.26,0.493,12.4,0.217,105.2,108.6,-3.3999999999999915
1995,New York Knicks,NYK,True,55.0,27.0,82.0,0.6707317073170732,107.2,103.8,3.4,91.2,0.55,0.508,15.1,28.6,70.8,0.243,0.468,14.4,0.281,107.2,103.8,3.4000000000000057
1995,Orlando Magic,ORL,True,57.0,25.0,82.0,0.6951219512195121,115.1,107.8,7.3,95.1,0.569,0.539,14.0,34.0,68.4,0.239,0.49,13.3,0.22,115.1,107.8,7.299999999999997
1995,Philadelphia 76ers,PHI,False,24.0,58.0,82.0,0.2926829268292683,104.1,109.7,-5.6,91.0,0.521,0.475,15.3,32.3,66.1,0.238,0.5,14.6,0.235,104.1,109.7,-5.6000000000000085
1995,Phoenix Suns,PHO,True,59.0,23.0,82.0,0.7195121951219512,114.5,110.4,4.1,95.9,0.567,0.524,12.7,29.7,69.8,0.255,0.515,14.0,0.228,114.5,110.4,4.099999999999994
1995,Portland Trail Blazers,POR,True,44.0,38.0,82.0,0.5365853658536586,109.7,105.7,4.0,93.8,0.521,0.483,13.0,37.1,73.5,0.218,0.491,14.8,0.277,109.7,105.7,4.0
1995,Sacramento Kings,SAC,False,39.0,43.0,82.0,0.47560975609756095,105.5,106.5,-1.0,92.3,0.538,0.496,16.2,32.1,67.0,0.255,0.481,15.0,0.28,105.5,106.5,-1.0
1995,San Antonio Spurs,SAS,True,62.0,20.0,82.0,0.7560975609756098,111.7,105.4,6.3,94.6,0.562,0.516,13.8,30.9,72.3,0.275,0.485,13.0,0.214,111.7,105.4,6.299999999999997
1995,Seattle SuperSonics,SEA,True,57.0,25.0,82.0,0.6951219512195121,114.8,106.3,8.5,95.5,0.575,0.527,14.1,32.6,68.7,0.288,0.492,16.1,0.278,114.8,106.3,8.5
1995,Utah Jazz,UTA,True,60.0,22.0,82.0,0.7317073170731707,114.3,105.7,8.6,92.6,0.587,0.535,14.8,29.1,72.5,0.306,0.496,15.5,0.292,114.3,105.7,8.599999999999994
1995,Washington Bullets,WSB,False,21.0,61.0,82.0,0.25609756097560976,105.4,111.3,-5.9,94.5,0.529,0.492,14.3,29.3,66.7,0.211,0.512,14.9,0.262,105.4,111.3,-5.8999999999999915
1994,Atlanta Hawks,ATL,True,57.0,25.0,82.0,0.6951219512195121,107.2,101.7,5.5,94.2,0.523,0.48,13.6,34.6,67.7,0.221,0.475,16.0,0.185,107.2,101.7,5.5
1994,Boston Celtics,BOS,False,32.0,50.0,82.0,0.3902439024390244,104.2,108.7,-4.5,95.6,0.521,0.482,13.5,29.3,67.8,0.207,0.494,13.7,0.238,104.2,108.7,-4.5
1994,Charlotte Hornets,CHH,False,41.0,41.0,82.0,0.5,108.4,108.6,-0.2,97.5,0.543,0.5,13.6,29.2,67.0,0.23,0.492,13.2,0.205,108.4,108.6,-0.19999999999998863
1994,Chicago Bulls,CHI,True,55.0,27.0,82.0,0.6707317073170732,106.1,102.7,3.4,91.9,0.526,0.493,14.6,33.8,70.8,0.192,0.482,15.3,0.225,106.1,102.7,3.3999999999999915
1994,Cleveland Cavaliers,CLE,True,47.0,35.0,82.0,0.573170731707317,109.4,105.1,4.3,91.7,0.537,0.487,12.8,31.8,69.0,0.258,0.484,14.5,0.215,109.4,105.1,4.300000000000011
1994,Dallas Mavericks,DAL,False,13.0,69.0,82.0,0.15853658536585366,100.4,109.6,-9.2,94.5,0.492,0.449,15.0,33.7,66.1,0.205,0.513,15.8,0.283,100.4,109.6,-9.199999999999989
1994,Denver Nuggets,DEN,True,42.0,40.0,82.0,0.5121951219512195,103.9,102.3,1.6,96.1,0.524,0.478,15.3,32.2,69.6,0.256,0.453,13.4,0.252,103.9,102.3,1.6000000000000085
1994,Detroit Pistons,DET,False,20.0,62.0,82.0,0.24390243902439024,102.7,110.9,-8.2,94.2,0.511,0.477,13.7,28.4,66.1,0.179,0.493,12.8,0.262,102.7,110.9,-8.200000000000003
1994,Golden State Warriors,GSW,True,50.0,32.0,82.0,0.6097560975609756,108.3,106.5,1.8,99.1,0.542,0.512,14.9,32.9,64.4,0.214,0.488,14.7,0.21,108.3,106.5,1.7999999999999972
1994,Houston Rockets,HOU,True,58.0,24.0,82.0,0.7073170731707317,105.9,101.4,4.5,95.0,0.545,0.507,15.0,27.6,69.7,0.218,0.458,13.3,0.192,105.9,101.4,4.5
1994,Indiana Pacers,IND,True,47.0,35.0,82.0,0.573170731707317,107.8,104.2,3.6,93.3,0.547,0.5,16.0,34.4,68.0,0.27,0.471,14.9,0.267,107.8,104.2,3.5999999999999943
1994,Los Angeles Clippers,LAC,False,27.0,55.0,82.0,0.32926829268292684,102.9,108.6,-5.7,99.6,0.521,0.484,15.4,30.4,64.1,0.211,0.494,14.0,0.213,102.9,108.6,-5.699999999999989
1994,Los Angeles Lakers,LAL,False,33.0,49.0,82.0,0.4024390243902439,104.8,109.3,-4.5,95.5,0.503,0.466,12.8,33.2,63.2,0.193,0.492,14.3,0.24,104.8,109.3,-4.5
1994,Miami Heat,MIA,True,42.0,40.0,82.0,0.5121951219512195,109.5,106.7,2.8,93.8,0.538,0.488,14.3,35.3,69.1,0.253,0.479,14.5,0.284,109.5,106.7,2.799999999999997
1994,Milwaukee Bucks,MIL,False,20.0,62.0,82.0,0.24390243902439024,102.5,109.3,-6.8,94.5,0.512,0.471,14.7,31.1,66.5,0.225,0.513,15.7,0.254,102.5,109.3,-6.799999999999997
1994,Minnesota Timberwolves,MIN,False,20.0,62.0,82.0,0.24390243902439024,101.9,109.2,-7.3,94.7,0.525,0.471,16.4,30.1,68.0,0.272,0.488,12.8,0.259,101.9,109.2,-7.299999999999997
1994,New Jersey Nets,NJN,True,45.0,37.0,82.0,0.5487804878048781,107.2,104.9,2.3,95.5,0.515,0.461,12.7,34.0,69.1,0.267,0.475,13.5,0.212,107.2,104.9,2.299999999999997
1994,New York Knicks,NYK,True,57.0,25.0,82.0,0.6951219512195121,105.7,98.2,7.5,92.8,0.527,0.483,15.1,34.4,71.4,0.232,0.451,16.0,0.261,105.7,98.2,7.5
1994,Orlando Magic,ORL,True,50.0,32.0,82.0,0.6097560975609756,110.8,106.7,4.1,95.2,0.547,0.514,14.4,33.8,66.3,0.231,0.479,13.3,0.214,110.8,106.7,4.099999999999994
1994,Philadelphia 76ers,PHI,False,25.0,57.0,82.0,0.3048780487804878,101.7,109.7,-8.0,95.7,0.518,0.478,15.0,28.0,66.6,0.221,0.502,12.8,0.177,101.7,109.7,-8.0
1994,Phoenix Suns,PHO,True,56.0,26.0,82.0,0.6829268292682927,111.7,106.8,4.9,96.7,0.548,0.509,13.9,35.2,69.3,0.236,0.493,13.5,0.202,111.7,106.8,4.900000000000006
1994,Portland Trail Blazers,POR,True,47.0,35.0,82.0,0.573170731707317,108.1,105.5,2.6,98.8,0.518,0.472,12.5,34.4,70.8,0.24,0.49,14.8,0.235,108.1,105.5,2.5999999999999943
1994,Sacramento Kings,SAC,False,28.0,54.0,82.0,0.34146341463414637,103.3,109.2,-5.9,97.5,0.516,0.471,14.2,30.4,66.4,0.239,0.499,14.2,0.252,103.3,109.2,-5.900000000000006
1994,San Antonio Spurs,SAS,True,55.0,27.0,82.0,0.6707317073170732,110.4,104.6,5.8,90.1,0.537,0.494,13.6,35.6,70.5,0.239,0.467,11.7,0.196,110.4,104.6,5.800000000000011
1994,Seattle SuperSonics,SEA,True,63.0,19.0,82.0,0.7682926829268293,111.1,101.5,9.6,95.1,0.547,0.501,13.7,34.4,67.3,0.256,0.479,18.2,0.272,111.1,101.5,9.599999999999994
1994,Utah Jazz,UTA,True,53.0,29.0,82.0,0.6463414634146342,108.6,104.1,4.5,93.1,0.537,0.49,13.3,31.3,68.4,0.262,0.469,14.6,0.267,108.6,104.1,4.5
1994,Washington Bullets,WSB,False,24.0,58.0,82.0,0.2926829268292683,104.5,112.2,-7.7,95.9,0.529,0.484,15.3,31.2,66.2,0.237,0.526,14.0,0.206,104.5,112.2,-7.700000000000003
1993,Atlanta Hawks,ATL,True,43.0,39.0,82.0,0.524390243902439,109.3,110.2,-0.9,97.6,0.534,0.493,14.0,34.8,68.5,0.227,0.516,14.6,0.224,109.3,110.2,-0.9000000000000057
1993,Boston Celtics,BOS,True,48.0,34.0,82.0,0.5853658536585366,108.7,107.8,0.9,94.9,0.536,0.495,12.9,31.2,69.0,0.21,0.479,12.9,0.251,108.7,107.8,0.9000000000000057
1993,Charlotte Hornets,CHH,True,44.0,38.0,82.0,0.5365853658536586,109.5,109.7,-0.2,100.2,0.547,0.499,13.8,31.3,65.0,0.254,0.487,12.6,0.201,109.5,109.7,-0.20000000000000284
1993,Chicago Bulls,CHI,True,57.0,25.0,82.0,0.6951219512195121,112.9,106.1,6.8,92.5,0.535,0.499,12.0,36.3,68.7,0.199,0.493,15.4,0.239,112.9,106.1,6.800000000000011
1993,Cleveland Cavaliers,CLE,True,54.0,28.0,82.0,0.6585365853658537,112.7,106.0,6.7,94.8,0.565,0.518,12.5,28.1,69.1,0.247,0.482,13.1,0.185,112.7,106.0,6.700000000000003
1993,Dallas Mavericks,DAL,False,11.0,71.0,82.0,0.13414634146341464,99.5,114.7,-15.2,99.5,0.495,0.455,15.1,31.1,68.1,0.21,0.519,13.5,0.347,99.5,114.7,-15.200000000000003
1993,Denver Nuggets,DEN,False,36.0,46.0,82.0,0.43902439024390244,104.6,106.3,-1.7,99.8,0.518,0.47,14.5,33.6,68.9,0.245,0.476,13.9,0.263,104.6,106.3,-1.7000000000000028
1993,Detroit Pistons,DET,False,40.0,42.0,82.0,0.4878048780487805,107.4,108.9,-1.5,93.2,0.511,0.473,12.5,34.6,67.8,0.198,0.5,13.5,0.212,107.4,108.9,-1.5
1993,Golden State Warriors,GSW,False,34.0,48.0,82.0,0.4146341463414634,109.2,110.2,-1.0,99.5,0.543,0.502,14.9,34.2,67.0,0.245,0.501,14.0,0.261,109.2,110.2,-1.0
1993,Houston Rockets,HOU,True,55.0,27.0,82.0,0.6707317073170732,109.6,105.2,4.4,94.4,0.557,0.515,14.5,30.0,68.5,0.235,0.474,13.4,0.201,109.6,105.2,4.3999999999999915
1993,Indiana Pacers,IND,True,41.0,41.0,82.0,0.5,111.9,110.1,1.8,96.0,0.547,0.498,13.5,34.2,67.4,0.262,0.485,12.7,0.281,111.9,110.1,1.8000000000000114
1993,Los Angeles Clippers,LAC,True,41.0,41.0,82.0,0.5,107.4,107.1,0.3,99.1,0.53,0.493,13.9,32.7,66.7,0.213,0.489,15.1,0.263,107.4,107.1,0.30000000000001137
1993,Los Angeles Lakers,LAL,True,39.0,43.0,82.0,0.47560975609756095,107.6,108.9,-1.3,96.2,0.534,0.486,13.7,31.4,66.4,0.249,0.5,14.3,0.215,107.6,108.9,-1.3000000000000114
1993,Miami Heat,MIA,False,36.0,46.0,82.0,0.43902439024390244,107.7,108.9,-1.2,94.6,0.535,0.481,13.9,31.9,69.8,0.279,0.495,14.2,0.274,107.7,108.9,-1.2000000000000028
1993,Milwaukee Bucks,MIL,False,28.0,54.0,82.0,0.34146341463414637,106.2,110.1,-3.9,96.1,0.535,0.495,14.8,30.5,62.5,0.223,0.502,15.7,0.266,106.2,110.1,-3.8999999999999915
1993,Minnesota Timberwolves,MIN,False,19.0,63.0,82.0,0.23170731707317074,103.6,111.8,-8.2,93.8,0.535,0.479,15.9,28.7,66.3,0.275,0.503,13.5,0.269,103.6,111.8,-8.200000000000003
1993,New Jersey Nets,NJN,True,43.0,39.0,82.0,0.524390243902439,106.5,105.2,1.3,96.0,0.522,0.473,14.4,35.5,69.5,0.244,0.48,14.1,0.24,106.5,105.2,1.2999999999999972
1993,New York Knicks,NYK,True,60.0,22.0,82.0,0.7317073170731707,106.1,99.7,6.4,94.5,0.526,0.479,14.1,33.1,72.1,0.249,0.444,14.9,0.294,106.1,99.7,6.3999999999999915
1993,Orlando Magic,ORL,False,41.0,41.0,82.0,0.5,108.5,107.1,1.4,96.3,0.554,0.509,15.5,31.4,68.8,0.271,0.473,11.9,0.232,108.5,107.1,1.4000000000000057
1993,Philadelphia 76ers,PHI,False,26.0,56.0,82.0,0.3170731707317073,104.6,110.4,-5.8,98.5,0.53,0.479,14.4,28.1,65.9,0.251,0.504,13.3,0.188,104.6,110.4,-5.800000000000011
1993,Phoenix Suns,PHO,True,62.0,20.0,82.0,0.7560975609756098,113.3,106.7,6.6,99.8,0.566,0.521,14.2,33.0,69.2,0.27,0.496,13.9,0.206,113.3,106.7,6.599999999999994
1993,Portland Trail Blazers,POR,True,51.0,31.0,82.0,0.6219512195121951,108.3,105.2,3.1,99.1,0.526,0.476,12.6,32.7,71.0,0.259,0.488,14.8,0.237,108.3,105.2,3.0999999999999943
1993,Sacramento Kings,SAC,False,25.0,57.0,82.0,0.3048780487804878,106.5,109.6,-3.1,100.8,0.53,0.481,14.1,30.7,66.7,0.257,0.502,15.1,0.292,106.5,109.6,-3.0999999999999943
1993,San Antonio Spurs,SAS,True,49.0,33.0,82.0,0.5975609756097561,109.6,106.8,2.8,95.4,0.555,0.507,13.6,27.8,70.1,0.265,0.477,12.3,0.221,109.6,106.8,2.799999999999997
1993,Seattle SuperSonics,SEA,True,55.0,27.0,82.0,0.6707317073170732,112.3,104.9,7.4,96.0,0.546,0.502,13.5,35.5,67.7,0.241,0.489,16.4,0.26,112.3,104.9,7.3999999999999915
1993,Utah Jazz,UTA,True,47.0,35.0,82.0,0.573170731707317,109.6,107.4,2.2,96.5,0.55,0.498,13.8,31.0,68.7,0.279,0.487,13.9,0.25,109.6,107.4,2.1999999999999886
1993,Washington Bullets,WSB,False,22.0,60.0,82.0,0.2682926829268293,103.6,110.8,-7.2,97.7,0.523,0.48,14.2,28.8,67.1,0.223,0.51,13.6,0.219,103.6,110.8,-7.200000000000003
1992,Atlanta Hawks,ATL,False,38.0,44.0,82.0,0.4634146341463415,107.3,108.9,-1.6,97.8,0.519,0.481,13.0,33.6,68.3,0.203,0.497,13.2,0.209,107.3,108.9,-1.6000000000000085
1992,Boston Celtics,BOS,True,51.0,31.0,82.0,0.6219512195121951,110.8,107.0,3.8,95.8,0.544,0.5,12.7,31.9,68.7,0.215,0.469,11.9,0.22,110.8,107.0,3.799999999999997
1992,Charlotte Hornets,CHH,False,31.0,51.0,82.0,0.3780487804878049,107.1,110.9,-3.8,101.7,0.527,0.485,13.0,31.1,65.4,0.216,0.51,14.1,0.222,107.1,110.9,-3.8000000000000114
1992,Chicago Bulls,CHI,True,67.0,15.0,82.0,0.8170731707317073,115.5,104.5,11.0,94.4,0.556,0.518,11.8,35.1,69.3,0.221,0.476,14.1,0.219,115.5,104.5,11.0
1992,Cleveland Cavaliers,CLE,True,57.0,25.0,82.0,0.6951219512195121,113.9,108.2,5.7,95.0,0.557,0.506,11.8,30.5,66.5,0.259,0.483,12.3,0.174,113.9,108.2,5.700000000000003
1992,Dallas Mavericks,DAL,False,22.0,60.0,82.0,0.2682926829268293,103.0,111.1,-8.1,94.4,0.501,0.458,13.1,31.2,67.8,0.211,0.483,11.5,0.259,103.0,111.1,-8.099999999999994
1992,Denver Nuggets,DEN,False,24.0,58.0,82.0,0.2926829268292683,100.7,108.6,-7.9,98.6,0.493,0.451,14.9,34.8,68.0,0.207,0.494,14.7,0.279,100.7,108.6,-7.8999999999999915
1992,Detroit Pistons,DET,True,48.0,34.0,82.0,0.5853658536585366,107.5,105.3,2.2,91.6,0.52,0.477,13.5,34.9,68.5,0.228,0.468,12.5,0.204,107.5,105.3,2.200000000000003
1992,Golden State Warriors,GSW,True,55.0,27.0,82.0,0.6707317073170732,113.6,109.9,3.7,103.4,0.568,0.524,13.6,31.8,64.2,0.262,0.499,14.9,0.256,113.6,109.9,3.6999999999999886
1992,Houston Rockets,HOU,False,42.0,40.0,82.0,0.5121951219512195,106.2,108.0,-1.8,95.1,0.537,0.499,15.0,30.9,66.4,0.216,0.477,12.5,0.209,106.2,108.0,-1.7999999999999972
1992,Indiana Pacers,IND,True,40.0,42.0,82.0,0.4878048780487805,111.7,109.9,1.8,99.0,0.566,0.518,14.7,31.8,67.4,0.264,0.483,12.8,0.27,111.7,109.9,1.7999999999999972
1992,Los Angeles Clippers,LAC,True,45.0,37.0,82.0,0.5487804878048781,105.8,104.7,1.1,96.5,0.524,0.483,13.6,31.6,67.5,0.226,0.475,14.9,0.244,105.8,104.7,1.0999999999999943
1992,Los Angeles Lakers,LAL,True,43.0,39.0,82.0,0.524390243902439,107.7,108.9,-1.2,92.5,0.516,0.465,12.0,32.7,64.0,0.25,0.493,13.8,0.187,107.7,108.9,-1.2000000000000028
1992,Miami Heat,MIA,True,38.0,44.0,82.0,0.4634146341463415,106.7,110.9,-4.2,97.7,0.532,0.479,14.6,33.0,67.6,0.26,0.508,13.9,0.235,106.7,110.9,-4.200000000000003
1992,Milwaukee Bucks,MIL,False,31.0,51.0,82.0,0.3780487804878049,108.8,110.6,-1.8,95.5,0.529,0.486,14.2,35.9,65.0,0.221,0.514,15.3,0.237,108.8,110.6,-1.7999999999999972
1992,Minnesota Timberwolves,MIN,False,15.0,67.0,82.0,0.18292682926829268,105.0,112.4,-7.4,95.1,0.505,0.467,12.4,31.5,62.3,0.188,0.497,13.0,0.244,105.0,112.4,-7.400000000000006
1992,New Jersey Nets,NJN,True,40.0,42.0,82.0,0.4878048780487805,107.0,108.7,-1.7,98.0,0.51,0.473,14.1,39.1,66.3,0.194,0.488,14.1,0.247,107.0,108.7,-1.7000000000000028
1992,New York Knicks,NYK,True,51.0,31.0,82.0,0.6219512195121951,108.3,104.2,4.1,92.9,0.531,0.491,13.7,34.6,71.1,0.216,0.471,14.0,0.248,108.3,104.2,4.099999999999994
1992,Orlando Magic,ORL,False,21.0,61.0,82.0,0.25609756097560976,103.5,110.5,-7.0,98.0,0.514,0.467,14.6,32.4,67.8,0.238,0.502,13.5,0.26,103.5,110.5,-7.0
1992,Philadelphia 76ers,PHI,False,35.0,47.0,82.0,0.4268292682926829,108.3,109.7,-1.4,93.7,0.539,0.488,13.8,30.9,66.4,0.26,0.496,13.0,0.192,108.3,109.7,-1.4000000000000057
1992,Phoenix Suns,PHO,True,53.0,29.0,82.0,0.6463414634146342,112.1,106.2,5.9,99.4,0.556,0.508,13.1,31.7,67.7,0.258,0.471,13.0,0.223,112.1,106.2,5.8999999999999915
1992,Portland Trail Blazers,POR,True,57.0,25.0,82.0,0.6951219512195121,111.4,104.2,7.2,99.0,0.541,0.495,13.6,35.6,69.9,0.253,0.471,14.3,0.251,111.4,104.2,7.200000000000003
1992,Sacramento Kings,SAC,False,29.0,53.0,82.0,0.35365853658536583,103.9,109.9,-6.0,99.6,0.525,0.482,14.3,28.5,64.2,0.225,0.493,13.9,0.233,103.9,109.9,-6.0
1992,San Antonio Spurs,SAS,True,47.0,35.0,82.0,0.573170731707317,107.5,104.1,3.4,96.2,0.528,0.485,13.9,34.2,69.8,0.233,0.469,13.5,0.224,107.5,104.1,3.4000000000000057
1992,Seattle SuperSonics,SEA,True,47.0,35.0,82.0,0.573170731707317,110.7,108.8,1.9,95.4,0.538,0.489,14.0,36.5,66.8,0.249,0.491,14.2,0.269,110.7,108.8,1.9000000000000057
1992,Utah Jazz,UTA,True,55.0,27.0,82.0,0.6707317073170732,112.2,105.6,6.6,95.5,0.557,0.504,13.7,32.7,68.9,0.286,0.475,13.0,0.214,112.2,105.6,6.6000000000000085
1992,Washington Bullets,WSB,False,25.0,57.0,82.0,0.3048780487804878,103.9,108.4,-4.5,97.7,0.514,0.471,13.3,28.9,66.2,0.208,0.493,14.0,0.235,103.9,108.4,-4.5
1991,Atlanta Hawks,ATL,True,43.0,39.0,82.0,0.524390243902439,110.9,110.1,0.8,98.6,0.54,0.482,12.9,33.1,69.1,0.282,0.509,13.7,0.22,110.9,110.1,0.8000000000000114
1991,Boston Celtics,BOS,True,56.0,26.0,82.0,0.6829268292682927,112.6,106.7,5.9,98.5,0.565,0.52,14.0,33.0,69.3,0.228,0.465,11.7,0.217,112.6,106.7,5.8999999999999915
1991,Charlotte Hornets,CHH,False,26.0,56.0,82.0,0.3170731707317073,105.0,110.4,-5.4,97.3,0.526,0.477,13.9,29.0,65.7,0.245,0.504,15.0,0.272,105.0,110.4,-5.400000000000006
1991,Chicago Bulls,CHI,True,61.0,21.0,82.0,0.7439024390243902,114.6,105.2,9.4,95.6,0.56,0.521,12.8,34.7,68.8,0.225,0.488,15.3,0.226,114.6,105.2,9.399999999999991
1991,Cleveland Cavaliers,CLE,False,33.0,49.0,82.0,0.4024390243902439,106.1,108.7,-2.6,95.1,0.534,0.487,14.1,29.7,68.0,0.243,0.497,13.3,0.206,106.1,108.7,-2.6000000000000085
1991,Dallas Mavericks,DAL,False,28.0,54.0,82.0,0.34146341463414637,105.5,110.3,-4.8,94.2,0.528,0.485,13.3,28.3,67.9,0.219,0.495,12.6,0.245,105.5,110.3,-4.799999999999997
1991,Denver Nuggets,DEN,False,20.0,62.0,82.0,0.24390243902439024,105.2,114.7,-9.5,113.7,0.498,0.457,11.9,33.1,67.1,0.195,0.524,14.1,0.299,105.2,114.7,-9.5
1991,Detroit Pistons,DET,True,50.0,32.0,82.0,0.6097560975609756,108.2,104.6,3.6,91.9,0.523,0.474,13.1,34.7,71.0,0.245,0.464,12.8,0.248,108.2,104.6,3.6000000000000085
1991,Golden State Warriors,GSW,True,44.0,38.0,82.0,0.5365853658536586,111.9,110.3,1.6,103.6,0.559,0.504,13.7,31.0,64.1,0.294,0.497,15.2,0.289,111.9,110.3,1.6000000000000085
1991,Houston Rockets,HOU,True,52.0,30.0,82.0,0.6341463414634146,107.4,103.9,3.5,98.5,0.53,0.489,14.5,34.4,66.9,0.224,0.469,14.7,0.22,107.4,103.9,3.5
1991,Indiana Pacers,IND,True,41.0,41.0,82.0,0.5,111.7,112.1,-0.4,99.4,0.566,0.511,14.4,30.6,66.4,0.287,0.503,13.1,0.254,111.7,112.1,-0.3999999999999915
1991,Los Angeles Clippers,LAC,False,31.0,51.0,82.0,0.3780487804878049,103.0,106.5,-3.5,99.9,0.511,0.471,14.7,33.3,69.2,0.218,0.481,13.7,0.266,103.0,106.5,-3.5
1991,Los Angeles Lakers,LAL,True,58.0,24.0,82.0,0.7073170731707317,112.1,105.0,7.1,94.1,0.551,0.5,13.2,33.0,68.3,0.261,0.474,12.8,0.176,112.1,105.0,7.099999999999994
1991,Miami Heat,MIA,False,24.0,58.0,82.0,0.2926829268292683,102.0,108.1,-6.1,99.3,0.512,0.469,16.0,34.3,66.2,0.231,0.491,15.3,0.286,102.0,108.1,-6.099999999999994
1991,Milwaukee Bucks,MIL,True,48.0,34.0,82.0,0.5853658536585366,109.7,107.2,2.5,96.1,0.55,0.499,14.3,31.8,66.1,0.258,0.5,16.4,0.259,109.7,107.2,2.5
1991,Minnesota Timberwolves,MIN,False,29.0,53.0,82.0,0.35365853658536583,106.7,110.9,-4.2,92.3,0.499,0.456,11.5,34.9,65.9,0.21,0.502,13.8,0.248,106.7,110.9,-4.200000000000003
1991,New Jersey Nets,NJN,False,26.0,56.0,82.0,0.3170731707317073,102.9,107.4,-4.5,99.3,0.5,0.455,14.4,35.7,64.6,0.222,0.478,14.9,0.267,102.9,107.4,-4.5
1991,New York Knicks,NYK,True,39.0,43.0,82.0,0.47560975609756095,107.1,107.3,-0.2,95.0,0.544,0.498,15.1,31.1,68.5,0.242,0.489,13.4,0.205,107.1,107.3,-0.20000000000000284
1991,Orlando Magic,ORL,False,31.0,51.0,82.0,0.3780487804878049,105.9,109.9,-4.0,99.5,0.521,0.473,14.3,33.0,68.9,0.251,0.493,12.8,0.26,105.9,109.9,-4.0
1991,Philadelphia 76ers,PHI,True,44.0,38.0,82.0,0.5365853658536586,107.9,108.1,-0.2,95.7,0.542,0.489,13.4,28.1,68.3,0.27,0.489,12.5,0.187,107.9,108.1,-0.19999999999998863
1991,Phoenix Suns,PHO,True,55.0,27.0,82.0,0.6707317073170732,112.6,106.1,6.5,101.0,0.558,0.506,13.5,33.0,68.5,0.287,0.474,13.1,0.227,112.6,106.1,6.5
1991,Portland Trail Blazers,POR,True,63.0,19.0,82.0,0.7682926829268293,112.8,104.3,8.5,100.5,0.554,0.509,13.4,33.8,70.4,0.259,0.473,14.4,0.25,112.8,104.3,8.5
1991,Sacramento Kings,SAC,False,25.0,57.0,82.0,0.3048780487804878,102.0,109.1,-7.1,94.7,0.512,0.468,14.1,28.8,65.6,0.226,0.481,14.3,0.306,102.0,109.1,-7.099999999999994
1991,San Antonio Spurs,SAS,True,55.0,27.0,82.0,0.6707317073170732,107.8,103.3,4.5,98.6,0.544,0.494,15.2,33.3,70.3,0.269,0.463,13.2,0.228,107.8,103.3,4.5
1991,Seattle SuperSonics,SEA,True,41.0,41.0,82.0,0.5,109.7,108.5,1.2,96.2,0.542,0.501,14.8,36.3,66.3,0.226,0.503,16.0,0.277,109.7,108.5,1.2000000000000028
1991,Utah Jazz,UTA,True,54.0,28.0,82.0,0.6585365853658537,108.6,105.1,3.5,95.3,0.559,0.503,14.6,27.6,69.2,0.298,0.473,13.7,0.23,108.6,105.1,3.5
1991,Washington Bullets,WSB,False,30.0,52.0,82.0,0.36585365853658536,103.0,108.1,-5.1,97.5,0.509,0.47,14.3,32.2,66.0,0.203,0.478,13.1,0.242,103.0,108.1,-5.099999999999994
1990,Atlanta Hawks,ATL,False,41.0,41.0,82.0,0.5,113.0,111.9,1.1,95.8,0.547,0.496,13.5,36.3,65.5,0.277,0.509,14.0,0.254,113.0,111.9,1.0999999999999943
1990,Boston Celtics,BOS,True,52.0,30.0,82.0,0.6341463414634146,112.0,107.9,4.1,98.2,0.557,0.506,13.4,31.5,72.1,0.251,0.477,10.8,0.223,112.0,107.9,4.099999999999994
1990,Charlotte Hornets,CHH,False,19.0,63.0,82.0,0.23170731707317074,102.0,109.9,-7.9,98.1,0.511,0.47,13.2,26.1,67.5,0.207,0.506,14.7,0.269,102.0,109.9,-7.900000000000006
1990,Chicago Bulls,CHI,True,55.0,27.0,82.0,0.6707317073170732,112.3,109.0,3.3,96.7,0.559,0.516,13.4,31.9,68.1,0.235,0.508,15.2,0.262,112.3,109.0,3.299999999999997
1990,Cleveland Cavaliers,CLE,True,42.0,40.0,82.0,0.5121951219512195,106.9,107.2,-0.3,95.0,0.529,0.485,13.5,31.5,67.7,0.235,0.49,14.0,0.202,106.9,107.2,-0.29999999999999716
1990,Dallas Mavericks,DAL,True,47.0,35.0,82.0,0.573170731707317,107.2,107.2,0.0,94.5,0.536,0.487,13.6,30.3,67.9,0.254,0.481,13.4,0.232,107.2,107.2,0.0
1990,Denver Nuggets,DEN,True,43.0,39.0,82.0,0.524390243902439,108.0,106.7,1.3,105.4,0.523,0.478,11.2,29.1,71.3,0.217,0.501,15.2,0.264,108.0,106.7,1.2999999999999972
1990,Detroit Pistons,DET,True,59.0,23.0,82.0,0.7195121951219512,109.9,103.5,6.4,94.4,0.537,0.49,13.4,34.2,70.3,0.245,0.461,13.7,0.262,109.9,103.5,6.400000000000006
1990,Golden State Warriors,GSW,False,37.0,45.0,82.0,0.45121951219512196,109.6,112.6,-3.0,105.9,0.563,0.501,14.3,26.1,61.5,0.321,0.494,13.6,0.253,109.6,112.6,-3.0
1990,Houston Rockets,HOU,True,41.0,41.0,82.0,0.5,104.8,103.4,1.4,101.2,0.531,0.491,15.5,33.1,69.2,0.225,0.475,14.7,0.228,104.8,103.4,1.3999999999999915
1990,Indiana Pacers,IND,True,42.0,40.0,82.0,0.5121951219512195,111.5,111.4,0.1,97.0,0.572,0.518,14.6,29.0,67.1,0.28,0.494,12.6,0.25,111.5,111.4,0.09999999999999432
1990,Los Angeles Clippers,LAC,False,30.0,52.0,82.0,0.36585365853658536,104.0,107.4,-3.4,99.2,0.536,0.488,16.3,30.9,67.3,0.265,0.489,14.3,0.241,104.0,107.4,-3.4000000000000057
1990,Los Angeles Lakers,LAL,True,63.0,19.0,82.0,0.7682926829268293,114.0,107.0,7.0,96.3,0.562,0.512,13.2,32.8,68.5,0.271,0.479,12.8,0.219,114.0,107.0,7.0
1990,Miami Heat,MIA,False,18.0,64.0,82.0,0.21951219512195122,99.3,108.9,-9.6,101.0,0.501,0.467,15.9,33.5,67.3,0.19,0.499,15.2,0.292,99.3,108.9,-9.600000000000009
1990,Milwaukee Bucks,MIL,True,44.0,38.0,82.0,0.5365853658536586,107.3,108.1,-0.8,98.0,0.533,0.488,13.9,31.5,66.0,0.241,0.492,15.8,0.29,107.3,108.1,-0.7999999999999972
1990,Minnesota Timberwolves,MIN,False,22.0,60.0,82.0,0.2682926829268293,103.6,108.2,-4.6,91.1,0.499,0.451,13.3,34.0,66.2,0.232,0.492,15.5,0.291,103.6,108.2,-4.6000000000000085
1990,New Jersey Nets,NJN,False,17.0,65.0,82.0,0.2073170731707317,100.7,108.6,-7.9,99.3,0.486,0.435,13.9,34.5,67.0,0.237,0.495,14.9,0.272,100.7,108.6,-7.8999999999999915
1990,New York Knicks,NYK,True,45.0,37.0,82.0,0.5487804878048781,109.4,108.0,1.4,98.2,0.547,0.501,14.8,34.2,66.0,0.25,0.482,13.3,0.215,109.4,108.0,1.4000000000000057
1990,Orlando Magic,ORL,False,18.0,64.0,82.0,0.21951219512195122,105.8,114.3,-8.5,104.1,0.521,0.467,13.9,33.7,67.8,0.274,0.511,12.1,0.245,105.8,114.3,-8.5
1990,Philadelphia 76ers,PHI,True,53.0,29.0,82.0,0.6463414634146342,113.5,108.4,5.1,96.5,0.556,0.502,12.9,32.0,68.4,0.281,0.495,13.3,0.223,113.5,108.4,5.099999999999994
1990,Phoenix Suns,PHO,True,54.0,28.0,82.0,0.6585365853658537,113.1,106.2,6.9,100.7,0.565,0.509,13.3,31.1,68.8,0.302,0.478,12.8,0.209,113.1,106.2,6.8999999999999915
1990,Portland Trail Blazers,POR,True,59.0,23.0,82.0,0.7195121951219512,110.5,104.4,6.1,102.3,0.535,0.486,13.4,36.5,70.8,0.269,0.479,15.2,0.265,110.5,104.4,6.099999999999994
1990,Sacramento Kings,SAC,False,23.0,59.0,82.0,0.2804878048780488,104.8,110.0,-5.2,96.7,0.527,0.484,13.5,27.3,67.3,0.215,0.484,12.5,0.255,104.8,110.0,-5.200000000000003
1990,San Antonio Spurs,SAS,True,56.0,26.0,82.0,0.6829268292682927,107.7,104.2,3.5,98.5,0.537,0.488,14.7,34.2,68.7,0.27,0.477,15.0,0.235,107.7,104.2,3.5
1990,Seattle SuperSonics,SEA,False,41.0,41.0,82.0,0.5,110.9,109.8,1.1,95.3,0.535,0.494,14.0,37.5,69.1,0.222,0.499,14.3,0.297,110.9,109.8,1.1000000000000085
1990,Utah Jazz,UTA,True,55.0,27.0,82.0,0.6707317073170732,110.3,105.4,4.9,96.1,0.57,0.522,15.5,30.1,69.5,0.284,0.468,13.4,0.268,110.3,105.4,4.8999999999999915
1990,Washington Bullets,WSB,False,31.0,51.0,82.0,0.3780487804878049,107.5,109.7,-2.2,99.4,0.519,0.477,12.4,32.4,67.2,0.211,0.484,12.4,0.249,107.5,109.7,-2.200000000000003
1989,Atlanta Hawks,ATL,True,52.0,30.0,82.0,0.6341463414634146,112.2,107.2,5.0,98.3,0.54,0.48,13.5,37.1,64.7,0.3,0.482,15.4,0.256,112.2,107.2,5.0
1989,Boston Celtics,BOS,True,42.0,40.0,82.0,0.5121951219512195,110.8,109.6,1.2,98.1,0.548,0.498,14.0,34.7,70.0,0.258,0.493,12.7,0.248,110.8,109.6,1.2000000000000028
1989,Charlotte Hornets,CHH,False,20.0,62.0,82.0,0.24390243902439024,103.7,112.1,-8.4,100.3,0.514,0.47,13.7,30.3,64.9,0.213,0.508,14.7,0.287,103.7,112.1,-8.399999999999991
1989,Chicago Bulls,CHI,True,47.0,35.0,82.0,0.573170731707317,109.1,107.7,1.4,97.0,0.553,0.507,14.4,30.7,69.5,0.238,0.487,13.5,0.239,109.1,107.7,1.3999999999999915
1989,Cleveland Cavaliers,CLE,True,57.0,25.0,82.0,0.6951219512195121,110.6,102.9,7.7,98.0,0.559,0.514,14.2,31.2,67.1,0.264,0.473,15.0,0.185,110.6,102.9,7.699999999999989
1989,Dallas Mavericks,DAL,False,38.0,44.0,82.0,0.4634146341463415,107.4,108.6,-1.2,95.9,0.536,0.484,13.5,29.5,66.1,0.258,0.48,12.5,0.215,107.4,108.6,-1.1999999999999886
1989,Denver Nuggets,DEN,True,44.0,38.0,82.0,0.5365853658536586,108.6,107.1,1.5,107.5,0.528,0.482,11.8,29.6,68.9,0.224,0.505,15.6,0.264,108.6,107.1,1.5
1989,Detroit Pistons,DET,True,63.0,19.0,82.0,0.7682926829268293,110.8,104.7,6.1,95.5,0.551,0.502,14.4,34.5,69.2,0.266,0.458,13.2,0.26,110.8,104.7,6.099999999999994
1989,Golden State Warriors,GSW,True,43.0,39.0,82.0,0.524390243902439,107.4,107.7,-0.3,107.3,0.529,0.48,14.2,33.4,64.1,0.239,0.479,14.6,0.24,107.4,107.7,-0.29999999999999716
1989,Houston Rockets,HOU,True,45.0,37.0,82.0,0.5487804878048781,105.7,104.8,0.9,101.8,0.535,0.486,15.9,33.3,69.0,0.265,0.481,14.9,0.248,105.7,104.8,0.9000000000000057
1989,Indiana Pacers,IND,False,28.0,54.0,82.0,0.34146341463414637,106.8,111.0,-4.2,99.2,0.552,0.502,16.3,31.5,66.0,0.258,0.478,12.4,0.275,106.8,111.0,-4.200000000000003
1989,Los Angeles Clippers,LAC,False,21.0,61.0,82.0,0.25609756097560976,100.8,110.2,-9.4,104.4,0.518,0.478,16.5,31.2,64.0,0.216,0.497,14.1,0.237,100.8,110.2,-9.400000000000006
1989,Los Angeles Lakers,LAL,True,57.0,25.0,82.0,0.6951219512195121,113.8,106.7,7.1,100.1,0.57,0.518,14.0,33.0,68.9,0.282,0.482,13.0,0.205,113.8,106.7,7.099999999999994
1989,Miami Heat,MIA,False,15.0,67.0,82.0,0.18292682926829268,97.8,109.0,-11.2,99.1,0.498,0.459,17.7,35.6,65.0,0.208,0.499,16.0,0.292,97.8,109.0,-11.200000000000003
1989,Milwaukee Bucks,MIL,True,49.0,33.0,82.0,0.5975609756097561,110.1,106.4,3.7,98.6,0.544,0.487,13.7,32.7,67.5,0.273,0.493,16.1,0.266,110.1,106.4,3.6999999999999886
1989,New Jersey Nets,NJN,False,26.0,56.0,82.0,0.3170731707317073,103.0,109.3,-6.3,100.1,0.517,0.474,15.0,32.7,70.1,0.229,0.508,14.4,0.244,103.0,109.3,-6.299999999999997
1989,New York Knicks,NYK,True,52.0,30.0,82.0,0.6341463414634146,111.1,107.5,3.6,104.4,0.553,0.512,15.4,36.2,65.1,0.234,0.504,16.7,0.249,111.1,107.5,3.5999999999999943
1989,Philadelphia 76ers,PHI,True,46.0,36.0,82.0,0.5609756097560976,113.0,111.5,1.5,98.5,0.552,0.5,12.8,32.2,67.2,0.274,0.513,13.4,0.215,113.0,111.5,1.5
1989,Phoenix Suns,PHO,True,55.0,27.0,82.0,0.6707317073170732,113.1,105.7,7.4,104.5,0.56,0.509,12.8,30.8,67.7,0.272,0.476,13.5,0.225,113.1,105.7,7.3999999999999915
1989,Portland Trail Blazers,POR,True,39.0,43.0,82.0,0.47560975609756095,109.4,108.0,1.4,103.9,0.53,0.488,13.9,36.7,67.4,0.23,0.501,15.7,0.264,109.4,108.0,1.4000000000000057
1989,Sacramento Kings,SAC,False,27.0,55.0,82.0,0.32926829268292684,104.5,110.0,-5.5,100.5,0.523,0.478,14.2,30.5,67.7,0.22,0.496,13.2,0.235,104.5,110.0,-5.5
1989,San Antonio Spurs,SAS,False,21.0,61.0,82.0,0.25609756097560976,100.9,107.9,-7.0,104.1,0.512,0.472,16.8,34.5,63.5,0.223,0.5,17.2,0.294,100.9,107.9,-7.0
1989,Seattle SuperSonics,SEA,True,47.0,35.0,82.0,0.573170731707317,111.5,108.6,2.9,100.1,0.539,0.496,14.1,38.3,65.3,0.237,0.498,16.0,0.271,111.5,108.6,2.9000000000000057
1989,Utah Jazz,UTA,True,51.0,31.0,82.0,0.6219512195121951,106.6,101.5,5.1,98.0,0.55,0.491,16.4,32.0,68.1,0.32,0.447,13.9,0.246,106.6,101.5,5.099999999999994
1989,Washington Bullets,WSB,False,40.0,42.0,82.0,0.4878048780487805,106.4,108.5,-2.1,100.8,0.516,0.467,13.0,33.1,67.5,0.236,0.493,14.2,0.267,106.4,108.5,-2.0999999999999943
1988,Atlanta Hawks,ATL,True,50.0,32.0,82.0,0.6097560975609756,111.3,107.6,3.7,96.4,0.541,0.491,13.0,34.3,67.3,0.264,0.481,14.2,0.28,111.3,107.6,3.700000000000003
1988,Boston Celtics,BOS,True,57.0,25.0,82.0,0.6951219512195121,115.4,109.4,6.0,97.9,0.588,0.541,14.1,29.8,68.5,0.267,0.489,12.5,0.237,115.4,109.4,6.0
1988,Chicago Bulls,CHI,True,50.0,32.0,82.0,0.6097560975609756,109.0,105.5,3.5,95.5,0.539,0.494,13.6,34.0,70.6,0.24,0.478,13.5,0.24,109.0,105.5,3.5
1988,Cleveland Cavaliers,CLE,True,42.0,40.0,82.0,0.5121951219512195,106.8,106.0,0.8,97.3,0.547,0.5,15.5,31.0,66.4,0.268,0.485,15.2,0.227,106.8,106.0,0.7999999999999972
1988,Dallas Mavericks,DAL,True,53.0,29.0,82.0,0.6463414634146342,112.2,107.7,4.5,97.0,0.54,0.485,13.2,37.5,67.5,0.275,0.481,13.0,0.203,112.2,107.7,4.5
1988,Denver Nuggets,DEN,True,54.0,28.0,82.0,0.6585365853658537,110.1,106.3,3.8,105.5,0.534,0.486,11.7,29.7,67.4,0.231,0.498,16.0,0.26,110.1,106.3,3.799999999999997
1988,Detroit Pistons,DET,True,54.0,28.0,82.0,0.6585365853658537,110.5,105.3,5.2,98.3,0.548,0.497,14.2,34.2,68.5,0.282,0.475,14.0,0.245,110.5,105.3,5.200000000000003
1988,Golden State Warriors,GSW,False,20.0,62.0,82.0,0.24390243902439024,104.7,112.9,-8.2,101.6,0.524,0.474,14.3,31.2,65.1,0.237,0.511,14.4,0.283,104.7,112.9,-8.200000000000003
1988,Houston Rockets,HOU,True,46.0,36.0,82.0,0.5609756097560976,107.1,105.7,1.4,101.8,0.529,0.476,13.9,33.1,66.7,0.263,0.473,14.2,0.243,107.1,105.7,1.3999999999999915
1988,Indiana Pacers,IND,False,38.0,44.0,82.0,0.4634146341463415,106.6,107.4,-0.8,98.0,0.535,0.492,14.1,30.1,67.9,0.216,0.481,13.5,0.263,106.6,107.4,-0.8000000000000114
1988,Los Angeles Clippers,LAC,False,17.0,65.0,82.0,0.2073170731707317,97.4,107.6,-10.2,100.8,0.494,0.449,15.7,30.9,65.4,0.229,0.486,14.8,0.244,97.4,107.6,-10.199999999999989
1988,Los Angeles Lakers,LAL,True,62.0,20.0,82.0,0.7560975609756098,113.1,107.3,5.8,99.1,0.566,0.515,13.9,32.3,67.9,0.276,0.484,13.0,0.206,113.1,107.3,5.799999999999997
1988,Milwaukee Bucks,MIL,True,42.0,40.0,82.0,0.5121951219512195,108.2,107.6,0.6,97.6,0.536,0.485,13.6,31.8,66.6,0.259,0.483,14.2,0.259,108.2,107.6,0.6000000000000085
1988,New Jersey Nets,NJN,False,19.0,63.0,82.0,0.23170731707317074,101.4,109.6,-8.2,98.6,0.523,0.478,16.0,30.4,68.6,0.245,0.506,15.2,0.274,101.4,109.6,-8.199999999999989
1988,New York Knicks,NYK,True,38.0,44.0,82.0,0.4634146341463415,105.9,106.4,-0.5,99.1,0.525,0.477,15.5,36.0,65.5,0.242,0.486,17.0,0.324,105.9,106.4,-0.5
1988,Philadelphia 76ers,PHI,False,36.0,46.0,82.0,0.43902439024390244,108.8,110.3,-1.5,96.0,0.543,0.485,15.2,35.4,67.5,0.308,0.506,13.8,0.232,108.8,110.3,-1.5
1988,Phoenix Suns,PHO,False,28.0,54.0,82.0,0.34146341463414637,107.0,111.4,-4.4,101.2,0.538,0.494,14.6,31.5,68.3,0.23,0.507,13.4,0.265,107.0,111.4,-4.400000000000006
1988,Portland Trail Blazers,POR,True,53.0,29.0,82.0,0.6463414634146342,111.8,107.4,4.4,103.6,0.55,0.499,13.5,34.3,68.4,0.279,0.485,14.5,0.275,111.8,107.4,4.3999999999999915
1988,Sacramento Kings,SAC,False,24.0,58.0,82.0,0.2926829268292683,106.5,112.1,-5.6,100.9,0.53,0.481,14.8,33.7,68.1,0.245,0.506,12.3,0.237,106.5,112.1,-5.599999999999994
1988,San Antonio Spurs,SAS,True,31.0,51.0,82.0,0.3780487804878049,108.2,112.8,-4.6,104.4,0.54,0.499,14.1,32.0,64.4,0.234,0.512,14.0,0.242,108.2,112.8,-4.599999999999994
1988,Seattle SuperSonics,SEA,True,44.0,38.0,82.0,0.5365853658536586,110.2,108.1,2.1,100.2,0.536,0.491,13.9,36.3,67.2,0.245,0.495,15.9,0.33,110.2,108.1,2.1000000000000085
1988,Utah Jazz,UTA,True,47.0,35.0,82.0,0.573170731707317,106.8,103.1,3.7,101.5,0.546,0.5,15.4,30.4,66.7,0.254,0.459,14.9,0.262,106.8,103.1,3.700000000000003
1988,Washington Bullets,WSB,True,38.0,44.0,82.0,0.4634146341463415,106.5,107.2,-0.7,98.1,0.524,0.47,14.4,34.2,65.2,0.267,0.487,14.4,0.231,106.5,107.2,-0.7000000000000028
1987,Atlanta Hawks,ATL,True,57.0,25.0,82.0,0.6951219512195121,112.6,105.2,7.4,97.4,0.543,0.49,13.3,37.2,67.4,0.283,0.46,13.9,0.284,112.6,105.2,7.3999999999999915
1987,Boston Celtics,BOS,True,59.0,23.0,82.0,0.7195121951219512,113.5,106.8,6.7,98.6,0.577,0.532,14.0,29.0,67.6,0.247,0.471,12.0,0.217,113.5,106.8,6.700000000000003
1987,Chicago Bulls,CHI,True,40.0,42.0,82.0,0.4878048780487805,108.6,107.6,1.0,95.8,0.528,0.478,13.4,35.0,70.0,0.245,0.491,13.8,0.251,108.6,107.6,1.0
1987,Cleveland Cavaliers,CLE,False,31.0,51.0,82.0,0.3780487804878049,102.6,106.4,-3.8,101.3,0.519,0.476,16.4,34.4,65.9,0.25,0.484,14.2,0.224,102.6,106.4,-3.8000000000000114
1987,Dallas Mavericks,DAL,True,55.0,27.0,82.0,0.6707317073170732,114.9,108.7,6.2,100.5,0.558,0.503,12.3,33.8,66.5,0.291,0.486,13.5,0.233,114.9,108.7,6.200000000000003
1987,Denver Nuggets,DEN,True,37.0,45.0,82.0,0.45121951219512196,109.3,110.2,-0.9,106.2,0.527,0.478,11.8,32.2,67.0,0.248,0.503,15.4,0.307,109.3,110.2,-0.9000000000000057
1987,Detroit Pistons,DET,True,52.0,30.0,82.0,0.6341463414634146,109.2,105.8,3.4,101.0,0.544,0.492,14.5,34.7,69.9,0.275,0.471,13.3,0.267,109.2,105.8,3.4000000000000057
1987,Golden State Warriors,GSW,True,42.0,40.0,82.0,0.5121951219512195,108.9,111.2,-2.3,101.7,0.539,0.487,13.7,32.5,65.3,0.266,0.503,14.2,0.272,108.9,111.2,-2.299999999999997
1987,Houston Rockets,HOU,True,42.0,40.0,82.0,0.5121951219512195,106.5,105.5,1.0,99.9,0.528,0.483,14.3,33.5,68.0,0.24,0.47,14.1,0.261,106.5,105.5,1.0
1987,Indiana Pacers,IND,True,41.0,41.0,82.0,0.5,106.0,106.6,-0.6,98.8,0.525,0.478,13.4,30.5,68.8,0.232,0.487,14.9,0.281,106.0,106.6,-0.5999999999999943
1987,Los Angeles Clippers,LAC,False,12.0,70.0,82.0,0.14634146341463414,101.2,112.3,-11.1,102.7,0.508,0.457,15.0,31.8,64.3,0.255,0.526,15.5,0.258,101.2,112.3,-11.099999999999994
1987,Los Angeles Lakers,LAL,True,65.0,17.0,82.0,0.7926829268292683,115.6,106.5,9.1,101.6,0.577,0.528,14.0,34.1,66.3,0.278,0.476,13.8,0.23,115.6,106.5,9.099999999999994
1987,Milwaukee Bucks,MIL,True,50.0,32.0,82.0,0.6097560975609756,109.5,105.6,3.9,100.3,0.539,0.487,13.0,31.1,66.1,0.268,0.479,16.0,0.307,109.5,105.6,3.9000000000000057
1987,New Jersey Nets,NJN,False,24.0,58.0,82.0,0.2926829268292683,105.6,110.5,-4.9,101.8,0.54,0.487,16.4,33.2,68.1,0.282,0.488,13.8,0.33,105.6,110.5,-4.900000000000006
1987,New York Knicks,NYK,False,24.0,58.0,82.0,0.2926829268292683,104.8,111.1,-6.3,98.5,0.528,0.483,15.0,31.2,61.9,0.246,0.497,14.6,0.27,104.8,111.1,-6.299999999999997
1987,Philadelphia 76ers,PHI,True,45.0,37.0,82.0,0.5487804878048781,108.3,108.5,-0.2,97.3,0.549,0.497,16.1,34.9,65.7,0.29,0.499,14.5,0.215,108.3,108.5,-0.20000000000000284
1987,Phoenix Suns,PHO,False,36.0,46.0,82.0,0.43902439024390244,108.0,110.3,-2.3,102.0,0.55,0.501,15.3,32.1,65.7,0.264,0.502,14.4,0.265,108.0,110.3,-2.299999999999997
1987,Portland Trail Blazers,POR,True,49.0,33.0,82.0,0.5975609756097561,111.5,108.6,2.9,105.0,0.566,0.51,15.3,34.1,66.6,0.313,0.493,14.8,0.265,111.5,108.6,2.9000000000000057
1987,Sacramento Kings,SAC,False,29.0,53.0,82.0,0.35365853658536583,108.9,112.1,-3.2,101.3,0.535,0.48,14.2,35.2,67.8,0.266,0.498,12.4,0.257,108.9,112.1,-3.1999999999999886
1987,San Antonio Spurs,SAS,False,28.0,54.0,82.0,0.34146341463414637,105.9,110.8,-4.9,101.7,0.525,0.482,14.2,34.3,68.1,0.228,0.514,14.5,0.244,105.9,110.8,-4.8999999999999915
1987,Seattle SuperSonics,SEA,True,39.0,43.0,82.0,0.47560975609756095,110.7,110.3,0.4,101.8,0.543,0.495,15.0,37.6,66.0,0.261,0.486,13.5,0.296,110.7,110.3,0.4000000000000057
1987,Utah Jazz,UTA,True,44.0,38.0,82.0,0.5365853658536586,104.1,103.7,0.4,103.2,0.516,0.473,14.1,31.2,65.2,0.231,0.466,15.7,0.269,104.1,103.7,0.3999999999999915
1987,Washington Bullets,WSB,True,42.0,40.0,82.0,0.5121951219512195,105.7,107.0,-1.3,100.2,0.511,0.457,13.3,34.5,63.4,0.262,0.48,14.6,0.222,105.7,107.0,-1.2999999999999972
1986,Atlanta Hawks,ATL,True,50.0,32.0,82.0,0.6097560975609756,107.9,105.6,2.3,100.0,0.542,0.493,15.3,34.9,66.7,0.282,0.481,15.4,0.269,107.9,105.6,2.3000000000000114
1986,Boston Celtics,BOS,True,67.0,15.0,82.0,0.8170731707317073,111.8,102.6,9.2,101.2,0.564,0.518,14.1,31.3,71.7,0.244,0.466,13.0,0.216,111.8,102.6,9.200000000000003
1986,Chicago Bulls,CHI,True,30.0,52.0,82.0,0.36585365853658536,108.6,112.4,-3.8,99.7,0.538,0.487,14.7,35.1,67.4,0.266,0.509,13.5,0.28,108.6,112.4,-3.8000000000000114
1986,Cleveland Cavaliers,CLE,False,29.0,53.0,82.0,0.35365853658536583,105.5,108.3,-2.8,101.6,0.535,0.49,14.6,30.3,68.5,0.241,0.48,13.6,0.292,105.5,108.3,-2.799999999999997
1986,Dallas Mavericks,DAL,True,44.0,38.0,82.0,0.5365853658536586,112.1,111.0,1.1,102.2,0.562,0.51,13.3,30.0,66.8,0.283,0.508,13.0,0.201,112.1,111.0,1.0999999999999943
1986,Denver Nuggets,DEN,True,47.0,35.0,82.0,0.573170731707317,107.1,105.9,1.2,106.7,0.527,0.475,13.0,30.9,64.1,0.245,0.495,16.9,0.266,107.1,105.9,1.1999999999999886
1986,Detroit Pistons,DET,True,46.0,36.0,82.0,0.5609756097560976,109.0,107.9,1.1,104.2,0.534,0.488,13.3,33.5,67.6,0.232,0.496,14.9,0.266,109.0,107.9,1.0999999999999943
1986,Golden State Warriors,GSW,False,30.0,52.0,82.0,0.36585365853658536,108.3,111.6,-3.3,104.2,0.536,0.488,13.9,33.5,66.7,0.253,0.524,14.9,0.241,108.3,111.6,-3.299999999999997
1986,Houston Rockets,HOU,True,51.0,31.0,82.0,0.6219512195121951,110.1,107.6,2.5,103.5,0.536,0.496,13.6,35.5,67.2,0.232,0.497,14.8,0.243,110.1,107.6,2.5
1986,Indiana Pacers,IND,False,26.0,56.0,82.0,0.3170731707317073,102.6,105.9,-3.3,100.9,0.525,0.483,15.7,31.5,71.3,0.226,0.479,13.7,0.277,102.6,105.9,-3.3000000000000114
1986,Los Angeles Clippers,LAC,False,32.0,50.0,82.0,0.3902439024390244,105.4,112.1,-6.7,102.7,0.534,0.477,15.3,32.0,64.0,0.288,0.512,14.0,0.225,105.4,112.1,-6.699999999999989
1986,Los Angeles Lakers,LAL,True,62.0,20.0,82.0,0.7560975609756098,113.3,105.8,7.5,102.7,0.575,0.532,14.9,33.1,69.8,0.247,0.484,13.5,0.239,113.3,105.8,7.5
1986,Milwaukee Bucks,MIL,True,57.0,25.0,82.0,0.6951219512195121,111.4,102.7,8.7,102.1,0.552,0.501,13.9,33.8,67.4,0.282,0.473,16.6,0.281,111.4,102.7,8.700000000000003
1986,New Jersey Nets,NJN,True,39.0,43.0,82.0,0.47560975609756095,105.0,106.9,-1.9,103.3,0.536,0.489,15.9,33.3,70.6,0.248,0.499,15.5,0.282,105.0,106.9,-1.9000000000000057
1986,New York Knicks,NYK,False,23.0,59.0,82.0,0.2804878048780488,99.5,105.2,-5.7,98.6,0.505,0.466,15.2,29.5,65.0,0.218,0.484,17.1,0.315,99.5,105.2,-5.700000000000003
1986,Philadelphia 76ers,PHI,True,54.0,28.0,82.0,0.6585365853658537,108.6,106.3,2.3,100.5,0.546,0.49,16.1,37.3,66.7,0.302,0.499,15.6,0.211,108.6,106.3,2.299999999999997
1986,Phoenix Suns,PHO,False,32.0,50.0,82.0,0.3902439024390244,104.3,107.2,-2.9,104.8,0.552,0.506,17.7,31.3,68.3,0.279,0.495,15.1,0.279,104.3,107.2,-2.9000000000000057
1986,Portland Trail Blazers,POR,True,40.0,42.0,82.0,0.4878048780487805,109.2,108.2,1.0,104.5,0.554,0.501,15.2,32.8,66.3,0.294,0.507,16.4,0.275,109.2,108.2,1.0
1986,Sacramento Kings,SAC,True,37.0,45.0,82.0,0.45121951219512196,106.2,109.2,-3.0,102.0,0.541,0.492,15.7,32.7,67.5,0.252,0.499,14.4,0.273,106.2,109.2,-3.0
1986,San Antonio Spurs,SAS,True,35.0,47.0,82.0,0.4268292682926829,106.5,108.2,-1.7,103.8,0.555,0.509,16.5,31.7,67.6,0.265,0.499,15.2,0.26,106.5,108.2,-1.7000000000000028
1986,Seattle SuperSonics,SEA,False,31.0,51.0,82.0,0.3780487804878049,105.9,106.0,-0.1,97.4,0.53,0.478,15.1,33.2,68.7,0.257,0.492,15.7,0.282,105.9,106.0,-0.09999999999999432
1986,Utah Jazz,UTA,True,42.0,40.0,82.0,0.5121951219512195,104.2,104.6,-0.4,103.3,0.536,0.49,15.5,29.8,67.2,0.272,0.477,15.4,0.258,104.2,104.6,-0.3999999999999915
1986,Washington Bullets,WSB,True,39.0,43.0,82.0,0.47560975609756095,103.0,104.8,-1.8,99.1,0.518,0.471,14.2,29.1,66.1,0.238,0.472,14.2,0.224,103.0,104.8,-1.7999999999999972
1985,Atlanta Hawks,ATL,False,34.0,48.0,82.0,0.4146341463414634,105.9,107.3,-1.4,99.8,0.536,0.489,15.3,32.5,63.8,0.25,0.485,15.2,0.249,105.9,107.3,-1.3999999999999915
1985,Boston Celtics,BOS,True,63.0,19.0,82.0,0.7682926829268293,112.8,106.3,6.5,101.6,0.564,0.515,13.8,32.8,70.4,0.254,0.481,12.6,0.198,112.8,106.3,6.5
1985,Chicago Bulls,CHI,True,38.0,44.0,82.0,0.4634146341463415,108.7,109.6,-0.9,99.4,0.556,0.502,15.4,32.2,67.5,0.287,0.495,13.8,0.257,108.7,109.6,-0.8999999999999915
1985,Cleveland Cavaliers,CLE,True,36.0,46.0,82.0,0.43902439024390244,106.0,108.7,-2.7,101.9,0.526,0.478,14.1,32.9,66.9,0.254,0.483,13.7,0.265,106.0,108.7,-2.700000000000003
1985,Dallas Mavericks,DAL,True,44.0,38.0,82.0,0.5365853658536586,111.5,109.3,2.2,98.8,0.549,0.499,12.5,30.7,68.8,0.253,0.51,14.2,0.221,111.5,109.3,2.200000000000003
1985,Denver Nuggets,DEN,True,52.0,30.0,82.0,0.6341463414634146,110.7,108.4,2.3,107.6,0.54,0.491,13.2,33.6,66.1,0.253,0.516,17.0,0.275,110.7,108.4,2.299999999999997
1985,Detroit Pistons,DET,True,46.0,36.0,82.0,0.5609756097560976,109.6,107.2,2.4,105.0,0.529,0.483,13.0,35.4,69.6,0.223,0.501,14.9,0.245,109.6,107.2,2.3999999999999915
1985,Golden State Warriors,GSW,False,22.0,60.0,82.0,0.2682926829268293,106.0,113.0,-7.0,103.2,0.522,0.47,14.4,34.5,66.0,0.257,0.54,16.1,0.268,106.0,113.0,-7.0
1985,Houston Rockets,HOU,True,48.0,34.0,82.0,0.5853658536585366,107.9,106.3,1.6,102.2,0.54,0.507,16.0,37.4,67.4,0.213,0.487,15.2,0.259,107.9,106.3,1.6000000000000085
1985,Indiana Pacers,IND,False,22.0,60.0,82.0,0.2682926829268293,102.5,108.4,-5.9,105.1,0.527,0.478,16.1,31.7,70.5,0.255,0.499,14.3,0.282,102.5,108.4,-5.900000000000006
1985,Kansas City Kings,KCK,False,31.0,51.0,82.0,0.3780487804878049,109.5,112.1,-2.6,104.4,0.559,0.508,15.9,34.0,66.6,0.278,0.514,14.2,0.262,109.5,112.1,-2.5999999999999943
1985,Los Angeles Clippers,LAC,False,31.0,51.0,82.0,0.3780487804878049,105.8,110.3,-4.5,100.9,0.543,0.499,16.4,33.8,66.1,0.235,0.495,12.7,0.21,105.8,110.3,-4.5
1985,Los Angeles Lakers,LAL,True,62.0,20.0,82.0,0.7560975609756098,114.1,107.0,7.1,103.2,0.589,0.551,15.7,33.8,67.1,0.235,0.485,13.7,0.22,114.1,107.0,7.099999999999994
1985,Milwaukee Bucks,MIL,True,59.0,23.0,82.0,0.7195121951219512,110.5,103.6,6.9,99.7,0.545,0.497,14.2,35.4,65.6,0.258,0.467,16.1,0.29,110.5,103.6,6.900000000000006
1985,New Jersey Nets,NJN,True,42.0,40.0,82.0,0.5121951219512195,107.9,107.7,0.2,101.0,0.532,0.493,13.8,33.9,68.2,0.219,0.505,15.6,0.263,107.9,107.7,0.20000000000000284
1985,New York Knicks,NYK,False,24.0,58.0,82.0,0.2926829268292683,104.9,109.6,-4.7,99.5,0.53,0.487,15.2,31.7,63.3,0.24,0.499,16.5,0.339,104.9,109.6,-4.699999999999989
1985,Philadelphia 76ers,PHI,True,58.0,24.0,82.0,0.7073170731707317,111.3,107.3,4.0,100.8,0.561,0.497,16.0,37.4,66.6,0.331,0.494,15.7,0.259,111.3,107.3,4.0
1985,Phoenix Suns,PHO,True,36.0,46.0,82.0,0.43902439024390244,104.7,106.8,-2.1,102.5,0.544,0.497,16.3,29.8,68.3,0.246,0.498,15.0,0.24,104.7,106.8,-2.0999999999999943
1985,Portland Trail Blazers,POR,True,42.0,40.0,82.0,0.5121951219512195,110.4,107.2,3.2,103.5,0.554,0.506,14.8,34.0,64.4,0.271,0.497,15.9,0.232,110.4,107.2,3.200000000000003
1985,San Antonio Spurs,SAS,True,41.0,41.0,82.0,0.5,109.9,109.0,0.9,103.9,0.565,0.517,15.6,33.2,68.5,0.272,0.501,15.0,0.269,109.9,109.0,0.9000000000000057
1985,Seattle SuperSonics,SEA,False,31.0,51.0,82.0,0.3780487804878049,102.8,108.2,-5.4,99.3,0.529,0.477,15.9,30.0,67.3,0.257,0.498,14.6,0.238,102.8,108.2,-5.400000000000006
1985,Utah Jazz,UTA,True,41.0,41.0,82.0,0.5,103.3,103.4,-0.1,105.1,0.534,0.483,15.8,29.0,65.3,0.257,0.469,15.7,0.238,103.3,103.4,-0.10000000000000853
1985,Washington Bullets,WSB,True,40.0,42.0,82.0,0.4878048780487805,104.3,104.6,-0.3,100.3,0.524,0.486,13.4,27.5,68.2,0.2,0.491,15.3,0.226,104.3,104.6,-0.29999999999999716
1984,Atlanta Hawks,ATL,True,40.0,42.0,82.0,0.4878048780487805,105.5,106.9,-1.4,95.3,0.529,0.476,14.4,31.6,65.2,0.27,0.482,15.1,0.268,105.5,106.9,-1.4000000000000057
1984,Boston Celtics,BOS,True,62.0,20.0,82.0,0.7560975609756098,110.9,104.4,6.5,99.7,0.554,0.504,14.6,34.2,69.7,0.264,0.475,13.8,0.225,110.9,104.4,6.5
1984,Chicago Bulls,CHI,False,27.0,55.0,82.0,0.32926829268292684,102.4,107.5,-5.1,99.8,0.526,0.475,16.3,32.3,67.2,0.268,0.497,15.6,0.266,102.4,107.5,-5.099999999999994
1984,Cleveland Cavaliers,CLE,False,28.0,54.0,82.0,0.34146341463414637,104.1,108.5,-4.4,97.4,0.512,0.468,14.0,33.5,70.8,0.224,0.49,13.2,0.28,104.1,108.5,-4.400000000000006
1984,Dallas Mavericks,DAL,True,43.0,39.0,82.0,0.524390243902439,110.0,109.6,0.4,99.0,0.547,0.503,13.6,31.7,65.7,0.245,0.503,14.4,0.232,110.0,109.6,0.4000000000000057
1984,Denver Nuggets,DEN,True,38.0,44.0,82.0,0.4634146341463415,111.3,112.3,-1.0,110.5,0.553,0.498,12.8,29.3,66.6,0.276,0.522,14.6,0.277,111.3,112.3,-1.0
1984,Detroit Pistons,DET,True,49.0,33.0,82.0,0.5975609756097561,111.5,108.1,3.4,103.8,0.532,0.482,12.7,36.7,67.7,0.25,0.5,14.8,0.263,111.5,108.1,3.4000000000000057
1984,Golden State Warriors,GSW,False,37.0,45.0,82.0,0.45121951219512196,105.5,108.8,-3.3,103.3,0.52,0.471,14.9,35.6,64.2,0.254,0.519,17.0,0.25,105.5,108.8,-3.299999999999997
1984,Houston Rockets,HOU,False,29.0,53.0,82.0,0.35365853658536583,105.3,108.2,-2.9,104.7,0.535,0.497,15.6,32.8,67.5,0.21,0.486,14.1,0.285,105.3,108.2,-2.9000000000000057
1984,Indiana Pacers,IND,False,26.0,56.0,82.0,0.3170731707317073,101.8,106.5,-4.7,102.1,0.531,0.487,15.9,28.1,66.8,0.228,0.497,16.2,0.255,101.8,106.5,-4.700000000000003
1984,Kansas City Kings,KCK,True,38.0,44.0,82.0,0.4634146341463415,106.5,108.0,-1.5,102.9,0.542,0.49,15.3,32.4,66.9,0.268,0.505,16.1,0.266,106.5,108.0,-1.5
1984,Los Angeles Lakers,LAL,True,54.0,28.0,82.0,0.6585365853658537,110.9,107.3,3.6,103.7,0.574,0.536,16.1,33.7,66.6,0.236,0.487,14.3,0.232,110.9,107.3,3.6000000000000085
1984,Milwaukee Bucks,MIL,True,50.0,32.0,82.0,0.6097560975609756,107.8,103.6,4.2,96.9,0.541,0.497,15.0,33.7,65.6,0.25,0.459,14.7,0.266,107.8,103.6,4.200000000000003
1984,New Jersey Nets,NJN,True,45.0,37.0,82.0,0.5487804878048781,106.1,105.0,1.1,103.0,0.54,0.501,16.1,34.6,67.8,0.24,0.494,17.0,0.292,106.1,105.0,1.0999999999999943
1984,New York Knicks,NYK,True,47.0,35.0,82.0,0.573170731707317,107.0,103.1,3.9,99.0,0.552,0.499,16.7,33.4,68.1,0.284,0.491,17.8,0.281,107.0,103.1,3.9000000000000057
1984,Philadelphia 76ers,PHI,True,52.0,30.0,82.0,0.6341463414634146,106.8,104.6,2.2,99.6,0.551,0.497,16.9,34.6,65.9,0.299,0.484,16.0,0.246,106.8,104.6,2.200000000000003
1984,Phoenix Suns,PHO,True,41.0,41.0,82.0,0.5,108.9,108.0,0.9,101.4,0.556,0.514,15.1,31.4,68.3,0.232,0.501,15.3,0.277,108.9,108.0,0.9000000000000057
1984,Portland Trail Blazers,POR,True,48.0,34.0,82.0,0.5853658536585366,111.2,107.7,3.5,101.1,0.556,0.507,15.1,36.4,67.4,0.277,0.518,17.0,0.259,111.2,107.7,3.5
1984,San Antonio Spurs,SAS,False,37.0,45.0,82.0,0.45121951219512196,111.2,111.4,-0.2,106.5,0.556,0.511,14.0,33.4,66.2,0.255,0.508,13.7,0.233,111.2,111.4,-0.20000000000000284
1984,San Diego Clippers,SDC,False,30.0,52.0,82.0,0.36585365853658536,109.2,112.4,-3.2,101.1,0.541,0.498,15.3,37.7,68.2,0.244,0.513,12.9,0.236,109.2,112.4,-3.200000000000003
1984,Seattle SuperSonics,SEA,True,42.0,40.0,82.0,0.5121951219512195,107.9,108.1,-0.2,99.7,0.543,0.49,14.3,30.7,66.6,0.271,0.492,13.8,0.226,107.9,108.1,-0.19999999999998863
1984,Utah Jazz,UTA,True,45.0,37.0,82.0,0.5487804878048781,109.0,108.0,1.0,104.9,0.559,0.505,15.2,30.8,63.4,0.292,0.479,13.9,0.229,109.0,108.0,1.0
1984,Washington Bullets,WSB,True,35.0,47.0,82.0,0.4268292682926829,104.2,107.2,-3.0,97.4,0.535,0.489,15.5,30.1,69.7,0.241,0.492,13.7,0.239,104.2,107.2,-3.0
1983,Atlanta Hawks,ATL,True,43.0,39.0,82.0,0.524390243902439,102.2,103.2,-1.0,98.9,0.516,0.472,15.0,30.7,65.1,0.222,0.473,15.2,0.223,102.2,103.2,-1.0
1983,Boston Celtics,BOS,True,56.0,26.0,82.0,0.6829268292682927,106.9,101.8,5.1,104.0,0.536,0.494,15.2,34.7,68.1,0.229,0.473,16.0,0.236,106.9,101.8,5.1000000000000085
1983,Chicago Bulls,CHI,False,28.0,54.0,82.0,0.34146341463414637,103.4,108.0,-4.6,106.1,0.532,0.483,16.9,34.0,67.9,0.269,0.498,14.3,0.237,103.4,108.0,-4.599999999999994
1983,Cleveland Cavaliers,CLE,False,23.0,59.0,82.0,0.2804878048780488,99.2,106.8,-7.6,97.6,0.506,0.467,16.4,33.0,71.3,0.204,0.492,13.8,0.258,99.2,106.8,-7.599999999999994
1983,Dallas Mavericks,DAL,False,38.0,44.0,82.0,0.4634146341463415,109.4,109.8,-0.4,102.8,0.535,0.489,13.5,34.8,66.2,0.245,0.506,14.0,0.228,109.4,109.8,-0.3999999999999915
1983,Denver Nuggets,DEN,True,45.0,37.0,82.0,0.5487804878048781,109.7,109.1,0.6,112.1,0.55,0.495,14.0,31.0,64.8,0.272,0.509,15.1,0.22,109.7,109.1,0.6000000000000085
1983,Detroit Pistons,DET,False,37.0,45.0,82.0,0.45121951219512196,105.4,105.8,-0.4,105.8,0.529,0.481,15.1,33.6,66.2,0.253,0.496,15.4,0.214,105.4,105.8,-0.3999999999999915
1983,Golden State Warriors,GSW,False,30.0,52.0,82.0,0.36585365853658536,103.9,107.4,-3.5,104.0,0.526,0.485,15.9,33.9,64.6,0.216,0.513,16.9,0.241,103.9,107.4,-3.5
1983,Houston Rockets,HOU,False,14.0,68.0,82.0,0.17073170731707318,97.0,108.3,-11.3,102.2,0.491,0.453,15.9,30.8,65.4,0.188,0.505,15.4,0.246,97.0,108.3,-11.299999999999997
1983,Indiana Pacers,IND,False,20.0,62.0,82.0,0.24390243902439024,103.8,109.4,-5.6,103.9,0.52,0.483,15.2,33.6,65.5,0.187,0.52,16.4,0.249,103.8,109.4,-5.6000000000000085
1983,Kansas City Kings,KCK,False,45.0,37.0,82.0,0.5487804878048781,106.2,104.9,1.3,106.6,0.542,0.5,16.4,34.3,65.8,0.246,0.49,16.8,0.291,106.2,104.9,1.2999999999999972
1983,Los Angeles Lakers,LAL,True,58.0,24.0,82.0,0.7073170731707317,110.5,105.2,5.3,103.8,0.561,0.528,15.9,36.3,65.3,0.199,0.494,15.5,0.191,110.5,105.2,5.299999999999997
1983,Milwaukee Bucks,MIL,True,51.0,31.0,82.0,0.6219512195121951,105.8,101.4,4.4,100.0,0.537,0.491,15.1,31.8,65.5,0.243,0.459,15.5,0.228,105.8,101.4,4.3999999999999915
1983,New Jersey Nets,NJN,True,49.0,33.0,82.0,0.5975609756097561,101.6,98.9,2.7,104.0,0.532,0.494,18.7,36.8,68.8,0.227,0.481,18.9,0.251,101.6,98.9,2.6999999999999886
1983,New York Knicks,NYK,True,44.0,38.0,82.0,0.5365853658536586,102.4,99.9,2.5,97.0,0.526,0.484,16.2,31.6,67.8,0.239,0.478,18.1,0.257,102.4,99.9,2.5
1983,Philadelphia 76ers,PHI,True,65.0,17.0,82.0,0.7926829268292683,108.3,100.9,7.4,102.7,0.549,0.501,16.3,37.1,66.2,0.273,0.464,15.8,0.217,108.3,100.9,7.3999999999999915
1983,Phoenix Suns,PHO,True,53.0,29.0,82.0,0.6463414634146342,105.1,100.1,5.0,101.6,0.54,0.499,16.0,32.0,67.5,0.227,0.458,15.9,0.235,105.1,100.1,5.0
1983,Portland Trail Blazers,POR,True,46.0,36.0,82.0,0.5609756097560976,106.0,103.9,2.1,101.0,0.535,0.488,15.4,33.3,67.9,0.26,0.49,16.0,0.218,106.0,103.9,2.0999999999999943
1983,San Antonio Spurs,SAS,True,53.0,29.0,82.0,0.6463414634146342,110.1,106.6,3.5,103.3,0.556,0.51,15.1,35.3,69.1,0.257,0.489,14.4,0.228,110.1,106.6,3.5
1983,San Diego Clippers,SDC,False,25.0,57.0,82.0,0.3048780487804878,104.7,109.3,-4.6,103.0,0.518,0.479,15.7,37.1,65.8,0.208,0.531,17.6,0.284,104.7,109.3,-4.599999999999994
1983,Seattle SuperSonics,SEA,True,48.0,34.0,82.0,0.5853658536585366,105.9,102.8,3.1,103.2,0.539,0.496,15.5,32.5,66.2,0.247,0.464,14.3,0.21,105.9,102.8,3.1000000000000085
1983,Utah Jazz,UTA,False,30.0,52.0,82.0,0.36585365853658536,101.2,105.1,-3.9,107.3,0.531,0.483,16.7,29.0,63.9,0.251,0.481,15.2,0.208,101.2,105.1,-3.8999999999999915
1983,Washington Bullets,WSB,False,42.0,40.0,82.0,0.5121951219512195,99.1,99.3,-0.2,99.4,0.511,0.473,16.6,30.4,68.6,0.206,0.471,16.2,0.214,99.1,99.3,-0.20000000000000284
1982,Atlanta Hawks,ATL,True,42.0,40.0,82.0,0.5121951219512195,105.1,104.6,0.5,95.1,0.529,0.476,14.6,32.2,67.6,0.271,0.473,15.6,0.282,105.1,104.6,0.5
1982,Boston Celtics,BOS,True,63.0,19.0,82.0,0.7682926829268293,109.8,103.5,6.3,101.5,0.545,0.502,14.7,35.8,67.6,0.248,0.472,14.6,0.22,109.8,103.5,6.299999999999997
1982,Chicago Bulls,CHI,False,34.0,48.0,82.0,0.4146341463414634,106.6,108.6,-2.0,99.0,0.557,0.505,17.3,33.6,69.0,0.29,0.499,13.2,0.207,106.6,108.6,-2.0
1982,Cleveland Cavaliers,CLE,False,15.0,67.0,82.0,0.18292682926829268,103.3,111.8,-8.5,99.3,0.51,0.466,13.7,32.0,65.9,0.222,0.515,14.7,0.271,103.3,111.8,-8.5
1982,Dallas Mavericks,DAL,False,28.0,54.0,82.0,0.34146341463414637,105.9,110.4,-4.5,98.5,0.519,0.473,13.7,33.9,66.8,0.241,0.51,14.5,0.266,105.9,110.4,-4.5
1982,Denver Nuggets,DEN,True,46.0,36.0,82.0,0.5609756097560976,114.3,113.9,0.4,109.8,0.578,0.522,14.1,31.8,64.3,0.31,0.528,13.9,0.213,114.3,113.9,0.3999999999999915
1982,Detroit Pistons,DET,False,39.0,43.0,82.0,0.47560975609756095,105.8,106.6,-0.8,104.3,0.534,0.485,16.0,34.8,66.9,0.262,0.512,16.4,0.224,105.8,106.6,-0.7999999999999972
1982,Golden State Warriors,GSW,False,45.0,37.0,82.0,0.5487804878048781,108.8,107.7,1.1,101.4,0.541,0.502,14.5,34.8,68.8,0.233,0.493,14.1,0.256,108.8,107.7,1.0999999999999943
1982,Houston Rockets,HOU,True,46.0,36.0,82.0,0.5609756097560976,108.3,108.3,0.0,97.2,0.52,0.479,13.7,37.8,66.1,0.22,0.5,14.3,0.209,108.3,108.3,0.0
1982,Indiana Pacers,IND,False,35.0,47.0,82.0,0.4268292682926829,102.7,104.6,-1.9,98.7,0.516,0.472,14.6,30.5,66.3,0.225,0.494,15.9,0.221,102.7,104.6,-1.8999999999999915
1982,Kansas City Kings,KCK,False,30.0,52.0,82.0,0.36585365853658536,104.2,107.2,-3.0,101.8,0.533,0.497,15.5,29.9,66.0,0.213,0.504,16.5,0.287,104.2,107.2,-3.0
1982,Los Angeles Lakers,LAL,True,57.0,25.0,82.0,0.6951219512195121,110.2,105.5,4.7,103.1,0.551,0.518,14.7,35.8,66.3,0.204,0.493,14.8,0.187,110.2,105.5,4.700000000000003
1982,Milwaukee Bucks,MIL,True,55.0,27.0,82.0,0.6707317073170732,107.7,102.3,5.4,100.0,0.553,0.509,16.5,35.1,67.3,0.25,0.471,15.9,0.253,107.7,102.3,5.400000000000006
1982,New Jersey Nets,NJN,True,44.0,38.0,82.0,0.5365853658536586,103.0,102.3,0.7,103.1,0.529,0.487,16.6,33.7,67.0,0.237,0.486,18.3,0.281,103.0,102.3,0.7000000000000028
1982,New York Knicks,NYK,False,33.0,49.0,82.0,0.4024390243902439,106.0,108.6,-2.6,99.5,0.535,0.495,15.4,33.1,66.9,0.223,0.508,15.4,0.255,106.0,108.6,-2.5999999999999943
1982,Philadelphia 76ers,PHI,True,58.0,24.0,82.0,0.7073170731707317,109.6,103.9,5.7,100.6,0.566,0.521,15.5,30.5,65.0,0.265,0.48,16.5,0.261,109.6,103.9,5.699999999999989
1982,Phoenix Suns,PHO,True,46.0,36.0,82.0,0.5609756097560976,105.8,102.4,3.4,99.5,0.538,0.495,15.9,32.2,68.5,0.229,0.47,14.6,0.233,105.8,102.4,3.3999999999999915
1982,Portland Trail Blazers,POR,False,42.0,40.0,82.0,0.5121951219512195,108.8,108.2,0.6,100.5,0.547,0.507,14.4,32.5,65.9,0.239,0.502,15.0,0.223,108.8,108.2,0.5999999999999943
1982,San Antonio Spurs,SAS,True,48.0,34.0,82.0,0.5853658536585366,109.9,107.6,2.3,102.5,0.537,0.49,13.0,34.0,68.8,0.238,0.487,13.7,0.256,109.9,107.6,2.3000000000000114
1982,San Diego Clippers,SDC,False,17.0,65.0,82.0,0.2073170731707317,106.6,113.8,-7.2,101.4,0.547,0.507,16.2,33.2,68.0,0.238,0.529,13.9,0.28,106.6,113.8,-7.200000000000003
1982,Seattle SuperSonics,SEA,True,52.0,30.0,82.0,0.6341463414634146,106.4,102.3,4.1,100.0,0.535,0.491,14.1,31.3,67.2,0.243,0.464,14.4,0.214,106.4,102.3,4.1000000000000085
1982,Utah Jazz,UTA,False,25.0,57.0,82.0,0.3048780487804878,106.2,111.7,-5.5,103.9,0.538,0.496,14.5,30.6,65.3,0.23,0.513,14.1,0.244,106.2,111.7,-5.5
1982,Washington Bullets,WSB,True,43.0,39.0,82.0,0.524390243902439,103.3,102.5,0.8,99.4,0.524,0.478,14.7,29.4,69.9,0.227,0.468,13.9,0.228,103.3,102.5,0.7999999999999972
1981,Atlanta Hawks,ATL,False,31.0,51.0,82.0,0.3780487804878049,104.3,107.3,-3.0,99.4,0.537,0.48,16.7,34.1,64.8,0.293,0.498,17.3,0.295,104.3,107.3,-3.0
1981,Boston Celtics,BOS,True,62.0,20.0,82.0,0.7560975609756098,108.4,102.6,5.8,100.8,0.553,0.509,16.2,34.7,67.0,0.251,0.464,15.1,0.24,108.4,102.6,5.800000000000011
1981,Chicago Bulls,CHI,True,45.0,37.0,82.0,0.5487804878048781,107.8,105.8,2.0,100.6,0.556,0.504,17.2,36.9,68.4,0.288,0.493,15.5,0.232,107.8,105.8,2.0
1981,Cleveland Cavaliers,CLE,False,28.0,54.0,82.0,0.34146341463414637,104.3,109.1,-4.8,100.8,0.513,0.472,14.2,33.5,66.0,0.195,0.507,15.2,0.251,104.3,109.1,-4.799999999999997
1981,Dallas Mavericks,DAL,False,15.0,67.0,82.0,0.18292682926829268,102.4,110.8,-8.4,98.6,0.519,0.466,15.2,30.7,65.0,0.27,0.516,15.1,0.245,102.4,110.8,-8.399999999999991
1981,Denver Nuggets,DEN,False,37.0,45.0,82.0,0.45121951219512196,109.4,109.8,-0.4,109.8,0.537,0.477,13.4,33.1,65.4,0.3,0.509,14.6,0.232,109.4,109.8,-0.3999999999999915
1981,Detroit Pistons,DET,False,21.0,61.0,82.0,0.25609756097560976,98.1,104.3,-6.2,101.2,0.51,0.464,18.0,33.4,65.9,0.242,0.512,18.6,0.242,98.1,104.3,-6.200000000000003
1981,Golden State Warriors,GSW,False,39.0,43.0,82.0,0.47560975609756095,108.5,109.7,-1.2,101.0,0.537,0.493,15.6,38.8,67.5,0.251,0.507,14.4,0.25,108.5,109.7,-1.2000000000000028
1981,Houston Rockets,HOU,True,40.0,42.0,82.0,0.4878048780487805,107.0,106.7,0.3,100.5,0.534,0.489,14.9,33.9,66.6,0.233,0.496,14.7,0.214,107.0,106.7,0.29999999999999716
1981,Indiana Pacers,IND,True,44.0,38.0,82.0,0.5365853658536586,106.4,105.0,1.4,100.9,0.528,0.484,15.1,35.5,64.5,0.251,0.492,17.0,0.248,106.4,105.0,1.4000000000000057
1981,Kansas City Kings,KCK,True,40.0,42.0,82.0,0.4878048780487805,104.7,104.7,0.0,101.3,0.54,0.503,15.1,29.2,68.3,0.22,0.483,15.6,0.265,104.7,104.7,0.0
1981,Los Angeles Lakers,LAL,True,54.0,28.0,82.0,0.6585365853658537,107.6,103.9,3.7,102.7,0.548,0.513,15.8,33.9,64.4,0.209,0.468,14.6,0.208,107.6,103.9,3.6999999999999886
1981,Milwaukee Bucks,MIL,True,60.0,22.0,82.0,0.7317073170731707,108.7,101.8,6.9,103.6,0.546,0.5,15.7,36.3,65.6,0.241,0.461,16.6,0.28,108.7,101.8,6.900000000000006
1981,New Jersey Nets,NJN,False,24.0,58.0,82.0,0.2926829268292683,101.0,106.7,-5.7,105.2,0.525,0.478,16.6,30.4,69.2,0.243,0.506,16.4,0.281,101.0,106.7,-5.700000000000003
1981,New York Knicks,NYK,True,50.0,32.0,82.0,0.6097560975609756,106.0,104.4,1.6,101.0,0.533,0.487,15.0,31.6,65.8,0.246,0.504,17.2,0.22,106.0,104.4,1.5999999999999943
1981,Philadelphia 76ers,PHI,True,62.0,20.0,82.0,0.7560975609756098,107.0,99.5,7.5,103.4,0.562,0.515,17.3,32.3,67.1,0.264,0.454,16.3,0.252,107.0,99.5,7.5
1981,Phoenix Suns,PHO,True,57.0,25.0,82.0,0.6951219512195121,104.6,99.4,5.2,104.7,0.537,0.492,17.1,35.1,68.2,0.247,0.471,17.5,0.244,104.6,99.4,5.199999999999989
1981,Portland Trail Blazers,POR,True,45.0,37.0,82.0,0.5487804878048781,106.5,105.7,0.8,103.0,0.534,0.498,15.2,33.9,65.7,0.209,0.49,15.8,0.246,106.5,105.7,0.7999999999999972
1981,San Antonio Spurs,SAS,True,52.0,30.0,82.0,0.6341463414634146,108.5,105.7,2.8,102.9,0.545,0.492,15.4,37.5,68.0,0.282,0.475,14.1,0.233,108.5,105.7,2.799999999999997
1981,San Diego Clippers,SDC,False,36.0,46.0,82.0,0.43902439024390244,106.0,107.6,-1.6,100.2,0.528,0.486,14.5,33.0,66.3,0.227,0.507,16.2,0.262,106.0,107.6,-1.5999999999999943
1981,Seattle SuperSonics,SEA,False,34.0,48.0,82.0,0.4146341463414634,103.2,104.8,-1.6,100.3,0.521,0.47,15.7,33.1,66.1,0.254,0.468,13.8,0.232,103.2,104.8,-1.5999999999999943
1981,Utah Jazz,UTA,False,28.0,54.0,82.0,0.34146341463414637,103.4,109.4,-6.0,97.7,0.536,0.491,15.5,28.3,66.8,0.234,0.492,13.8,0.268,103.4,109.4,-6.0
1981,Washington Bullets,WSB,False,39.0,43.0,82.0,0.47560975609756095,102.7,102.7,0.0,102.4,0.514,0.476,14.4,30.5,67.8,0.199,0.472,14.3,0.212,102.7,102.7,0.0
1980,Atlanta Hawks,ATL,True,50.0,32.0,82.0,0.6097560975609756,105.2,102.3,2.9,98.9,0.523,0.465,15.4,36.9,65.6,0.29,0.461,17.1,0.291,105.2,102.3,2.9000000000000057
1980,Boston Celtics,BOS,True,61.0,21.0,82.0,0.7439024390243902,109.4,101.9,7.5,102.6,0.55,0.501,15.4,34.8,67.8,0.258,0.475,16.5,0.234,109.4,101.9,7.5
1980,Chicago Bulls,CHI,False,30.0,52.0,82.0,0.36585365853658536,104.3,107.0,-2.7,101.8,0.545,0.489,17.2,32.2,68.0,0.291,0.5,15.7,0.251,104.3,107.0,-2.700000000000003
1980,Cleveland Cavaliers,CLE,False,37.0,45.0,82.0,0.45121951219512196,106.7,106.4,0.3,105.6,0.519,0.476,13.2,33.1,65.9,0.212,0.505,16.3,0.216,106.7,106.4,0.29999999999999716
1980,Denver Nuggets,DEN,False,30.0,52.0,82.0,0.36585365853658536,103.4,107.6,-4.2,103.9,0.517,0.469,15.1,33.6,67.8,0.25,0.497,14.4,0.224,103.4,107.6,-4.199999999999989
1980,Detroit Pistons,DET,False,16.0,66.0,82.0,0.1951219512195122,101.2,108.8,-7.6,107.1,0.523,0.483,16.9,32.3,64.7,0.209,0.499,15.2,0.239,101.2,108.8,-7.599999999999994
1980,Golden State Warriors,GSW,False,24.0,58.0,82.0,0.2926829268292683,102.0,106.3,-4.3,100.5,0.52,0.484,15.5,31.1,69.8,0.193,0.498,15.5,0.273,102.0,106.3,-4.299999999999997
1980,Houston Rockets,HOU,True,41.0,41.0,82.0,0.5,108.1,108.0,0.1,101.2,0.533,0.487,15.5,37.6,63.2,0.238,0.499,16.1,0.23,108.1,108.0,0.09999999999999432
1980,Indiana Pacers,IND,False,37.0,45.0,82.0,0.45121951219512196,105.5,106.2,-0.7,104.4,0.523,0.479,14.8,35.4,62.5,0.228,0.493,17.0,0.23,105.5,106.2,-0.7000000000000028
1980,Kansas City Kings,KCK,True,47.0,35.0,82.0,0.573170731707317,104.0,101.0,3.0,103.2,0.522,0.48,14.5,31.0,68.1,0.223,0.479,17.9,0.273,104.0,101.0,3.0
1980,Los Angeles Lakers,LAL,True,60.0,22.0,82.0,0.7317073170731707,109.5,103.9,5.6,104.1,0.569,0.53,16.5,32.6,66.9,0.22,0.475,14.0,0.181,109.5,103.9,5.599999999999994
1980,Milwaukee Bucks,MIL,True,49.0,33.0,82.0,0.5975609756097561,106.8,102.9,3.9,102.4,0.532,0.491,15.0,35.2,63.8,0.212,0.467,16.2,0.229,106.8,102.9,3.8999999999999915
1980,New Jersey Nets,NJN,False,34.0,48.0,82.0,0.4146341463414634,101.5,102.5,-1.0,106.1,0.518,0.466,16.6,32.1,66.4,0.251,0.472,16.5,0.263,101.5,102.5,-1.0
1980,New York Knicks,NYK,False,39.0,43.0,82.0,0.47560975609756095,106.5,107.5,-1.0,106.5,0.539,0.498,15.7,33.7,64.0,0.221,0.498,16.4,0.263,106.5,107.5,-1.0
1980,Philadelphia 76ers,PHI,True,59.0,23.0,82.0,0.7195121951219512,105.0,101.0,4.0,103.0,0.544,0.494,17.2,33.5,66.7,0.262,0.46,15.5,0.217,105.0,101.0,4.0
1980,Phoenix Suns,PHO,True,55.0,27.0,82.0,0.6707317073170732,105.6,102.2,3.4,104.8,0.548,0.498,16.4,30.4,66.9,0.263,0.483,16.5,0.213,105.6,102.2,3.3999999999999915
1980,Portland Trail Blazers,POR,True,38.0,44.0,82.0,0.4634146341463415,103.4,104.3,-0.9,98.6,0.519,0.477,16.1,35.5,67.9,0.218,0.482,15.3,0.245,103.4,104.3,-0.8999999999999915
1980,San Antonio Spurs,SAS,True,41.0,41.0,82.0,0.5,108.6,109.0,-0.4,109.5,0.553,0.502,15.2,31.8,66.8,0.262,0.506,14.4,0.216,108.6,109.0,-0.4000000000000057
1980,San Diego Clippers,SDC,False,35.0,47.0,82.0,0.4268292682926829,105.7,109.8,-4.1,101.4,0.522,0.482,14.6,34.2,65.4,0.213,0.503,14.2,0.215,105.7,109.8,-4.099999999999994
1980,Seattle SuperSonics,SEA,True,56.0,26.0,82.0,0.6829268292682927,105.8,101.2,4.6,101.8,0.52,0.474,14.9,36.4,67.9,0.229,0.463,15.4,0.221,105.8,101.2,4.599999999999994
1980,Utah Jazz,UTA,False,24.0,58.0,82.0,0.2926829268292683,104.2,110.4,-6.2,97.6,0.547,0.5,16.7,29.7,67.1,0.23,0.5,13.5,0.237,104.2,110.4,-6.200000000000003
1980,Washington Bullets,WSB,True,39.0,43.0,82.0,0.47560975609756095,103.2,105.7,-2.5,102.6,0.504,0.463,13.7,33.3,69.5,0.199,0.469,12.3,0.218,103.2,105.7,-2.5
1979,Atlanta Hawks,ATL,True,46.0,36.0,82.0,0.5609756097560976,105.6,103.6,2.0,102.5,0.525,0.473,15.2,36.1,66.6,0.262,0.489,18.2,0.297,105.6,103.6,2.0
1979,Boston Celtics,BOS,False,29.0,53.0,82.0,0.35365853658536583,101.6,106.4,-4.8,106.5,0.53,0.48,17.0,31.3,68.1,0.248,0.508,15.9,0.208,101.6,106.4,-4.800000000000011
1979,Chicago Bulls,CHI,False,31.0,51.0,82.0,0.3780487804878049,101.3,105.1,-3.8,102.9,0.532,0.489,18.3,34.0,69.9,0.23,0.497,15.0,0.209,101.3,105.1,-3.799999999999997
1979,Cleveland Cavaliers,CLE,False,30.0,52.0,82.0,0.36585365853658536,103.7,107.3,-3.6,102.7,0.512,0.468,13.9,32.2,66.8,0.213,0.503,15.9,0.257,103.7,107.3,-3.5999999999999943
1979,Denver Nuggets,DEN,True,47.0,35.0,82.0,0.573170731707317,104.4,103.2,1.2,105.9,0.53,0.481,16.3,35.0,68.1,0.28,0.477,15.1,0.225,104.4,103.2,1.2000000000000028
1979,Detroit Pistons,DET,False,30.0,52.0,82.0,0.36585365853658536,102.1,104.6,-2.5,107.2,0.513,0.475,15.4,33.1,64.7,0.206,0.493,16.8,0.227,102.1,104.6,-2.5
1979,Golden State Warriors,GSW,False,38.0,44.0,82.0,0.4634146341463415,102.4,102.0,0.4,102.2,0.521,0.487,15.3,31.6,68.7,0.183,0.481,16.2,0.221,102.4,102.0,0.4000000000000057
1979,Houston Rockets,HOU,True,47.0,35.0,82.0,0.573170731707317,108.7,107.7,1.0,103.8,0.545,0.497,15.1,35.2,67.9,0.246,0.498,14.0,0.213,108.7,107.7,1.0
1979,Indiana Pacers,IND,False,38.0,44.0,82.0,0.4634146341463415,103.0,104.5,-1.5,105.3,0.521,0.475,15.2,32.0,66.1,0.234,0.478,15.9,0.249,103.0,104.5,-1.5
1979,Kansas City Kings,KCK,True,48.0,34.0,82.0,0.5853658536585366,104.5,101.9,2.6,107.3,0.533,0.492,15.8,31.9,67.5,0.228,0.486,18.4,0.307,104.5,101.9,2.5999999999999943
1979,Los Angeles Lakers,LAL,True,47.0,35.0,82.0,0.573170731707317,106.1,103.2,2.9,105.9,0.557,0.517,15.9,27.6,66.5,0.217,0.484,15.1,0.18,106.1,103.2,2.8999999999999915
1979,Milwaukee Bucks,MIL,False,38.0,44.0,82.0,0.4634146341463415,106.0,104.0,2.0,106.5,0.54,0.503,15.4,32.2,65.9,0.198,0.49,16.9,0.242,106.0,104.0,2.0
1979,New Jersey Nets,NJN,True,37.0,45.0,82.0,0.45121951219512196,98.0,101.8,-3.8,109.5,0.509,0.46,17.7,31.8,65.8,0.253,0.48,18.3,0.296,98.0,101.8,-3.799999999999997
1979,New Orleans Jazz,NOJ,False,26.0,56.0,82.0,0.3170731707317073,99.6,105.4,-5.8,108.6,0.518,0.468,17.1,31.7,64.3,0.246,0.481,15.1,0.207,99.6,105.4,-5.800000000000011
1979,New York Knicks,NYK,False,31.0,51.0,82.0,0.3780487804878049,102.2,105.4,-3.2,104.9,0.52,0.487,15.9,32.5,66.5,0.196,0.483,15.4,0.256,102.2,105.4,-3.200000000000003
1979,Philadelphia 76ers,PHI,True,47.0,35.0,82.0,0.573170731707317,102.0,100.3,1.7,106.7,0.535,0.488,17.4,31.4,68.4,0.247,0.464,15.8,0.229,102.0,100.3,1.7000000000000028
1979,Phoenix Suns,PHO,True,50.0,32.0,82.0,0.6097560975609756,105.7,102.4,3.3,108.5,0.555,0.512,17.1,30.9,65.8,0.235,0.495,17.7,0.211,105.7,102.4,3.299999999999997
1979,Portland Trail Blazers,POR,True,45.0,37.0,82.0,0.5487804878048781,104.3,103.1,1.2,103.4,0.53,0.483,16.5,34.8,69.3,0.246,0.488,16.8,0.268,104.3,103.1,1.2000000000000028
1979,San Antonio Spurs,SAS,True,48.0,34.0,82.0,0.5853658536585366,107.1,102.4,4.7,110.6,0.554,0.506,15.8,30.2,66.9,0.248,0.477,15.9,0.221,107.1,102.4,4.699999999999989
1979,San Diego Clippers,SDC,False,43.0,39.0,82.0,0.524390243902439,106.2,107.9,-1.7,106.3,0.528,0.483,15.6,37.5,65.1,0.238,0.491,14.7,0.226,106.2,107.9,-1.7000000000000028
1979,Seattle SuperSonics,SEA,True,52.0,30.0,82.0,0.6341463414634146,102.7,100.1,2.6,103.4,0.514,0.468,15.7,34.8,69.1,0.231,0.463,15.0,0.209,102.7,100.1,2.6000000000000085
1979,Washington Bullets,WSB,True,54.0,28.0,82.0,0.6585365853658537,107.4,102.7,4.7,106.5,0.527,0.485,13.7,34.0,70.1,0.227,0.475,13.1,0.176,107.4,102.7,4.700000000000003
1978,Atlanta Hawks,ATL,True,41.0,41.0,82.0,0.5,99.7,99.8,-0.1,103.3,0.514,0.46,16.1,30.8,67.0,0.253,0.474,19.9,0.329,99.7,99.8,-0.09999999999999432
1978,Boston Celtics,BOS,False,32.0,50.0,82.0,0.3902439024390244,99.1,100.9,-1.8,105.9,0.505,0.458,16.1,32.4,71.4,0.22,0.456,13.9,0.226,99.1,100.9,-1.8000000000000114
1978,Buffalo Braves,BUF,False,27.0,55.0,82.0,0.32926829268292684,100.3,103.8,-3.5,104.3,0.518,0.466,15.9,29.5,68.3,0.247,0.476,14.7,0.223,100.3,103.8,-3.5
1978,Chicago Bulls,CHI,False,40.0,42.0,82.0,0.4878048780487805,102.0,102.9,-0.9,101.5,0.524,0.473,17.0,34.5,70.8,0.265,0.49,15.4,0.202,102.0,102.9,-0.9000000000000057
1978,Cleveland Cavaliers,CLE,True,43.0,39.0,82.0,0.524390243902439,99.9,99.4,0.5,103.5,0.496,0.454,13.8,29.9,68.8,0.204,0.456,14.7,0.207,99.9,99.4,0.5
1978,Denver Nuggets,DEN,True,48.0,34.0,82.0,0.5853658536585366,102.3,101.5,0.8,108.5,0.531,0.477,16.8,31.6,68.3,0.278,0.472,15.5,0.223,102.3,101.5,0.7999999999999972
1978,Detroit Pistons,DET,False,38.0,44.0,82.0,0.4634146341463415,100.3,101.5,-1.2,107.7,0.524,0.478,17.9,33.0,67.6,0.247,0.479,16.6,0.216,100.3,101.5,-1.2000000000000028
1978,Golden State Warriors,GSW,False,43.0,39.0,82.0,0.524390243902439,99.6,99.3,0.3,106.0,0.507,0.467,15.0,29.7,68.9,0.203,0.465,17.1,0.247,99.6,99.3,0.29999999999999716
1978,Houston Rockets,HOU,False,28.0,54.0,82.0,0.34146341463414637,102.2,106.1,-3.9,101.3,0.499,0.458,13.9,34.0,67.0,0.191,0.482,14.4,0.229,102.2,106.1,-3.8999999999999915
1978,Indiana Pacers,IND,False,31.0,51.0,82.0,0.3780487804878049,99.6,101.9,-2.3,108.2,0.5,0.45,15.6,33.2,66.0,0.245,0.474,16.8,0.24,99.6,101.9,-2.3000000000000114
1978,Kansas City Kings,KCK,False,31.0,51.0,82.0,0.3780487804878049,100.5,102.2,-1.7,108.2,0.514,0.466,16.2,31.0,68.1,0.23,0.474,16.3,0.266,100.5,102.2,-1.7000000000000028
1978,Los Angeles Lakers,LAL,True,45.0,37.0,82.0,0.5487804878048781,103.3,100.8,2.5,106.1,0.526,0.487,15.3,30.4,66.0,0.205,0.463,15.2,0.194,103.3,100.8,2.5
1978,Milwaukee Bucks,MIL,True,44.0,38.0,82.0,0.5365853658536586,101.8,102.4,-0.6,108.7,0.52,0.482,15.9,32.1,66.8,0.204,0.481,16.9,0.237,101.8,102.4,-0.6000000000000085
1978,New Jersey Nets,NJN,False,24.0,58.0,82.0,0.2926829268292683,95.0,100.2,-5.2,110.9,0.485,0.443,16.4,30.4,66.4,0.206,0.465,17.4,0.28,95.0,100.2,-5.200000000000003
1978,New Orleans Jazz,NOJ,False,39.0,43.0,82.0,0.47560975609756095,98.9,100.6,-1.7,108.3,0.505,0.462,16.2,32.3,69.5,0.219,0.461,14.5,0.209,98.9,100.6,-1.6999999999999886
1978,New York Knicks,NYK,True,43.0,39.0,82.0,0.524390243902439,101.7,102.2,-0.5,109.7,0.528,0.488,16.7,31.0,68.2,0.214,0.472,15.8,0.262,101.7,102.2,-0.5
1978,Philadelphia 76ers,PHI,True,55.0,27.0,82.0,0.6707317073170732,105.0,100.3,4.7,108.4,0.539,0.486,16.7,34.4,66.4,0.288,0.461,16.2,0.232,105.0,100.3,4.700000000000003
1978,Phoenix Suns,PHO,True,49.0,33.0,82.0,0.5975609756097561,100.3,97.0,3.3,111.4,0.52,0.476,16.6,29.8,68.2,0.223,0.469,18.6,0.229,100.3,97.0,3.299999999999997
1978,Portland Trail Blazers,POR,True,58.0,24.0,82.0,0.7073170731707317,103.1,97.2,5.9,104.2,0.528,0.483,16.3,32.0,69.4,0.233,0.449,16.3,0.239,103.1,97.2,5.8999999999999915
1978,San Antonio Spurs,SAS,True,52.0,30.0,82.0,0.6341463414634146,104.5,101.4,3.1,109.0,0.547,0.5,16.3,28.6,65.9,0.237,0.472,15.7,0.185,104.5,101.4,3.0999999999999943
1978,Seattle SuperSonics,SEA,True,47.0,35.0,82.0,0.573170731707317,99.2,97.7,1.5,104.8,0.489,0.447,15.8,35.9,69.9,0.217,0.459,16.5,0.226,99.2,97.7,1.5
1978,Washington Bullets,WSB,True,44.0,38.0,82.0,0.5365853658536586,101.3,100.5,0.8,108.1,0.506,0.461,15.3,33.5,70.7,0.243,0.467,13.9,0.178,101.3,100.5,0.7999999999999972
1977,Atlanta Hawks,ATL,False,31.0,51.0,82.0,0.3780487804878049,97.8,101.6,-3.8,104.6,0.508,0.457,17.7,32.9,69.1,0.256,0.478,17.0,0.267,97.8,101.6,-3.799999999999997
1977,Boston Celtics,BOS,True,44.0,38.0,82.0,0.5365853658536586,96.5,98.3,-1.8,107.5,0.491,0.445,16.1,31.1,72.8,0.212,0.45,13.4,0.204,96.5,98.3,-1.7999999999999972
1977,Buffalo Braves,BUF,False,30.0,52.0,82.0,0.36585365853658536,97.6,101.8,-4.2,107.3,0.502,0.45,16.5,30.8,67.4,0.252,0.478,15.5,0.177,97.6,101.8,-4.200000000000003
1977,Chicago Bulls,CHI,True,44.0,38.0,82.0,0.5365853658536586,98.3,97.4,0.9,100.0,0.498,0.452,16.0,33.5,71.9,0.224,0.466,16.8,0.201,98.3,97.4,0.8999999999999915
1977,Cleveland Cavaliers,CLE,True,43.0,39.0,82.0,0.524390243902439,100.0,98.9,1.1,101.5,0.489,0.449,13.7,32.6,68.1,0.191,0.449,15.7,0.241,100.0,98.9,1.0999999999999943
1977,Denver Nuggets,DEN,True,50.0,32.0,82.0,0.6097560975609756,100.7,96.1,4.6,111.2,0.531,0.481,18.8,34.2,68.0,0.275,0.463,18.2,0.211,100.7,96.1,4.6000000000000085
1977,Detroit Pistons,DET,True,44.0,38.0,82.0,0.5365853658536586,100.3,101.3,-1.0,108.8,0.518,0.483,16.6,30.7,65.5,0.185,0.472,17.4,0.256,100.3,101.3,-1.0
1977,Golden State Warriors,GSW,True,46.0,36.0,82.0,0.5609756097560976,102.4,99.5,2.9,107.8,0.518,0.475,15.6,33.0,67.8,0.211,0.47,17.2,0.224,102.4,99.5,2.9000000000000057
1977,Houston Rockets,HOU,True,49.0,33.0,82.0,0.5975609756097561,104.5,102.9,1.6,101.3,0.529,0.483,16.2,36.0,70.1,0.226,0.465,14.3,0.237,104.5,102.9,1.5999999999999943
1977,Indiana Pacers,IND,False,36.0,46.0,82.0,0.43902439024390244,99.3,101.0,-1.7,107.1,0.495,0.449,15.4,33.7,65.2,0.219,0.472,17.2,0.223,99.3,101.0,-1.7000000000000028
1977,Kansas City Kings,KCK,False,40.0,42.0,82.0,0.4878048780487805,100.5,99.6,0.9,106.4,0.509,0.46,15.4,30.9,70.3,0.221,0.472,17.4,0.264,100.5,99.6,0.9000000000000057
1977,Los Angeles Lakers,LAL,True,53.0,29.0,82.0,0.6463414634146342,101.4,98.9,2.5,104.7,0.515,0.478,15.3,31.0,66.1,0.188,0.452,15.6,0.194,101.4,98.9,2.5
1977,Milwaukee Bucks,MIL,False,30.0,52.0,82.0,0.36585365853658536,100.0,102.9,-2.9,108.3,0.508,0.468,15.8,31.8,66.6,0.198,0.479,15.8,0.222,100.0,102.9,-2.9000000000000057
1977,New Orleans Jazz,NOJ,False,35.0,47.0,82.0,0.4268292682926829,97.0,99.7,-2.7,107.2,0.501,0.453,16.6,31.0,68.2,0.222,0.452,15.5,0.238,97.0,99.7,-2.700000000000003
1977,New York Knicks,NYK,False,40.0,42.0,82.0,0.4878048780487805,100.1,100.1,0.0,108.1,0.527,0.486,16.6,26.4,69.7,0.211,0.47,15.7,0.23,100.1,100.1,0.0
1977,New York Nets,NYN,False,22.0,60.0,82.0,0.2682926829268293,92.2,98.7,-6.5,103.7,0.478,0.429,16.5,28.3,68.9,0.232,0.464,17.5,0.263,92.2,98.7,-6.5
1977,Philadelphia 76ers,PHI,True,50.0,32.0,82.0,0.6097560975609756,101.2,97.6,3.6,108.3,0.53,0.48,18.3,34.6,66.0,0.275,0.451,16.7,0.197,101.2,97.6,3.6000000000000085
1977,Phoenix Suns,PHO,False,34.0,48.0,82.0,0.4146341463414634,98.1,97.5,0.6,106.6,0.519,0.47,18.1,29.0,67.9,0.247,0.462,18.1,0.265,98.1,97.5,0.5999999999999943
1977,Portland Trail Blazers,POR,True,49.0,33.0,82.0,0.5975609756097561,103.2,98.0,5.2,108.0,0.53,0.481,16.9,33.4,69.3,0.254,0.46,17.2,0.255,103.2,98.0,5.200000000000003
1977,San Antonio Spurs,SAS,True,44.0,38.0,82.0,0.5365853658536586,102.5,102.0,0.5,111.8,0.538,0.485,16.8,29.2,65.7,0.263,0.487,16.9,0.187,102.5,102.0,0.5
1977,Seattle SuperSonics,SEA,False,40.0,42.0,82.0,0.4878048780487805,96.7,98.2,-1.5,106.8,0.491,0.45,16.8,33.8,65.9,0.215,0.462,18.4,0.254,96.7,98.2,-1.5
1977,Washington Bullets,WSB,True,48.0,34.0,82.0,0.5853658536585366,99.3,98.4,0.9,105.9,0.51,0.47,16.5,31.6,70.3,0.217,0.458,14.9,0.189,99.3,98.4,0.8999999999999915
1976,Atlanta Hawks,ATL,False,29.0,53.0,82.0,0.35365853658536583,98.4,101.2,-2.8,103.6,0.499,0.45,15.6,31.0,68.2,0.247,0.48,16.7,0.216,98.4,101.2,-2.799999999999997
1976,Boston Celtics,BOS,True,54.0,28.0,82.0,0.6585365853658537,98.9,96.7,2.2,106.9,0.493,0.446,15.4,34.0,74.1,0.209,0.449,14.1,0.198,98.9,96.7,2.200000000000003
1976,Buffalo Braves,BUF,True,46.0,36.0,82.0,0.5609756097560976,99.0,98.2,0.8,108.2,0.527,0.476,17.3,27.5,69.7,0.251,0.461,16.1,0.209,99.0,98.2,0.7999999999999972
1976,Chicago Bulls,CHI,False,24.0,58.0,82.0,0.2926829268292683,95.2,98.0,-2.8,100.3,0.464,0.414,14.3,32.9,74.6,0.22,0.467,15.8,0.232,95.2,98.0,-2.799999999999997
1976,Cleveland Cavaliers,CLE,True,49.0,33.0,82.0,0.5975609756097561,99.5,97.0,2.5,101.6,0.49,0.454,13.5,29.9,69.5,0.175,0.454,16.3,0.224,99.5,97.0,2.5
1976,Detroit Pistons,DET,True,36.0,46.0,82.0,0.43902439024390244,99.2,100.2,-1.0,105.2,0.506,0.464,16.0,30.9,67.6,0.205,0.467,16.5,0.228,99.2,100.2,-1.0
1976,Golden State Warriors,GSW,True,59.0,23.0,82.0,0.7195121951219512,100.6,94.5,6.1,108.3,0.504,0.462,15.3,33.1,69.3,0.203,0.444,16.9,0.204,100.6,94.5,6.099999999999994
1976,Houston Rockets,HOU,False,40.0,42.0,82.0,0.4878048780487805,101.1,101.8,-0.7,104.7,0.531,0.485,16.9,30.0,70.3,0.221,0.477,15.2,0.208,101.1,101.8,-0.7000000000000028
1976,Kansas City Kings,KCK,False,31.0,51.0,82.0,0.3780487804878049,97.4,100.1,-2.7,105.7,0.504,0.453,16.0,29.0,69.8,0.243,0.466,16.2,0.235,97.4,100.1,-2.6999999999999886
1976,Los Angeles Lakers,LAL,False,40.0,42.0,82.0,0.4878048780487805,98.9,98.8,0.1,108.0,0.511,0.465,15.8,28.5,67.5,0.219,0.45,14.9,0.197,98.9,98.8,0.10000000000000853
1976,Milwaukee Bucks,MIL,True,38.0,44.0,82.0,0.4634146341463415,97.3,98.7,-1.4,103.9,0.503,0.465,16.4,29.6,68.6,0.193,0.446,14.9,0.218,97.3,98.7,-1.4000000000000057
1976,New Orleans Jazz,NOJ,False,38.0,44.0,82.0,0.4634146341463415,96.6,97.4,-0.8,106.7,0.499,0.447,16.2,29.5,70.2,0.244,0.458,17.1,0.245,96.6,97.4,-0.8000000000000114
1976,New York Knicks,NYK,False,38.0,44.0,82.0,0.4634146341463415,98.0,99.2,-1.2,104.1,0.499,0.456,14.3,26.1,71.8,0.203,0.459,14.7,0.23,98.0,99.2,-1.2000000000000028
1976,Philadelphia 76ers,PHI,True,46.0,36.0,82.0,0.5609756097560976,98.2,98.0,0.2,107.5,0.494,0.447,16.4,33.8,65.2,0.234,0.448,17.0,0.23,98.2,98.0,0.20000000000000284
1976,Phoenix Suns,PHO,True,42.0,40.0,82.0,0.5121951219512195,98.5,97.9,0.6,105.6,0.521,0.472,18.3,30.6,69.1,0.245,0.468,17.3,0.229,98.5,97.9,0.5999999999999943
1976,Portland Trail Blazers,POR,False,37.0,45.0,82.0,0.45121951219512196,96.4,97.6,-1.2,107.7,0.512,0.469,18.3,29.6,71.7,0.233,0.452,15.9,0.242,96.4,97.6,-1.1999999999999886
1976,Seattle SuperSonics,SEA,True,43.0,39.0,82.0,0.524390243902439,98.3,98.6,-0.3,107.7,0.499,0.458,15.6,31.0,66.8,0.212,0.467,17.9,0.238,98.3,98.6,-0.29999999999999716
1976,Washington Bullets,WSB,True,48.0,34.0,82.0,0.5853658536585366,97.5,95.3,2.2,104.3,0.513,0.472,16.9,27.5,71.1,0.22,0.442,15.1,0.194,97.5,95.3,2.200000000000003
1975,Atlanta Hawks,ATL,False,31.0,51.0,82.0,0.3780487804878049,98.3,99.5,-1.2,106.3,0.485,0.438,14.8,33.6,69.4,0.226,0.475,17.0,0.214,98.3,99.5,-1.2000000000000028
1975,Boston Celtics,BOS,True,60.0,22.0,82.0,0.7317073170731707,100.0,94.7,5.3,106.1,0.502,0.458,15.8,33.4,73.6,0.199,0.444,14.7,0.181,100.0,94.7,5.299999999999997
1975,Buffalo Braves,BUF,True,49.0,33.0,82.0,0.5975609756097561,99.8,97.8,2.0,107.7,0.523,0.476,16.8,29.7,67.9,0.232,0.45,16.0,0.19,99.8,97.8,2.0
1975,Chicago Bulls,CHI,True,47.0,35.0,82.0,0.573170731707317,97.4,94.4,3.0,99.7,0.499,0.447,15.5,29.5,73.4,0.241,0.448,16.7,0.206,97.4,94.4,3.0
1975,Cleveland Cavaliers,CLE,False,40.0,42.0,82.0,0.4878048780487805,97.6,98.0,-0.4,100.4,0.498,0.462,15.2,28.2,67.0,0.177,0.451,16.5,0.224,97.6,98.0,-0.4000000000000057
1975,Detroit Pistons,DET,True,40.0,42.0,82.0,0.4878048780487805,98.3,99.7,-1.4,100.5,0.512,0.466,16.4,28.2,69.5,0.217,0.47,15.9,0.194,98.3,99.7,-1.4000000000000057
1975,Golden State Warriors,GSW,True,48.0,34.0,82.0,0.5853658536585366,100.4,97.3,3.1,107.6,0.504,0.465,16.3,34.8,70.7,0.184,0.456,16.0,0.218,100.4,97.3,3.1000000000000085
1975,Houston Rockets,HOU,True,41.0,41.0,82.0,0.5,100.4,99.4,1.0,102.9,0.524,0.477,17.8,33.1,70.7,0.225,0.481,17.3,0.221,100.4,99.4,1.0
1975,Kansas City-Omaha Kings,KCO,True,44.0,38.0,82.0,0.5365853658536586,96.8,97.1,-0.3,104.4,0.505,0.449,15.8,26.1,72.1,0.248,0.461,16.3,0.205,96.8,97.1,-0.29999999999999716
1975,Los Angeles Lakers,LAL,False,30.0,52.0,82.0,0.36585365853658536,96.1,99.9,-3.8,106.4,0.495,0.45,17.3,31.9,66.0,0.217,0.454,15.4,0.203,96.1,99.9,-3.8000000000000114
1975,Milwaukee Bucks,MIL,False,38.0,44.0,82.0,0.4634146341463415,98.0,97.8,0.2,102.1,0.507,0.468,15.9,27.9,70.6,0.184,0.444,14.0,0.197,98.0,97.8,0.20000000000000284
1975,New Orleans Jazz,NOJ,False,23.0,59.0,82.0,0.2804878048780488,92.5,99.7,-7.2,109.4,0.489,0.44,17.5,28.1,68.7,0.229,0.478,18.4,0.25,92.5,99.7,-7.200000000000003
1975,New York Knicks,NYK,True,40.0,42.0,82.0,0.4878048780487805,97.1,98.3,-1.2,103.1,0.494,0.45,14.2,25.6,71.3,0.203,0.457,15.3,0.22,97.1,98.3,-1.2000000000000028
1975,Philadelphia 76ers,PHI,False,34.0,48.0,82.0,0.4146341463414634,95.8,98.8,-3.0,103.4,0.488,0.445,16.0,30.4,69.9,0.205,0.461,15.9,0.206,95.8,98.8,-3.0
1975,Phoenix Suns,PHO,False,32.0,50.0,82.0,0.3902439024390244,96.4,98.6,-2.2,104.3,0.489,0.447,17.2,34.5,70.7,0.203,0.458,16.0,0.243,96.4,98.6,-2.1999999999999886
1975,Portland Trail Blazers,POR,False,38.0,44.0,82.0,0.4634146341463415,98.1,97.7,0.4,104.7,0.525,0.48,18.4,29.0,69.6,0.236,0.45,16.0,0.228,98.1,97.7,0.3999999999999915
1975,Seattle SuperSonics,SEA,True,43.0,39.0,82.0,0.524390243902439,96.7,97.7,-1.0,105.5,0.496,0.456,15.9,29.3,66.7,0.193,0.459,17.1,0.205,96.7,97.7,-1.0
1975,Washington Bullets,WSB,True,60.0,22.0,82.0,0.7317073170731707,98.0,91.3,6.7,106.1,0.501,0.462,15.7,28.7,70.0,0.192,0.438,18.2,0.202,98.0,91.3,6.700000000000003
1974,Atlanta Hawks,ATL,False,35.0,47.0,82.0,0.4268292682926829,97.7,99.0,-1.3,110.8,0.51,0.465,17.3,31.0,70.4,0.22,0.468,17.5,0.246,97.7,99.0,-1.2999999999999972
1974,Boston Celtics,BOS,True,56.0,26.0,82.0,0.6829268292682927,98.6,95.1,3.5,110.0,0.503,0.456,16.8,34.6,73.1,0.21,0.443,15.2,0.186,98.6,95.1,3.5
1974,Buffalo Braves,BUF,True,42.0,40.0,82.0,0.5121951219512195,99.3,99.4,-0.1,111.6,0.524,0.48,17.3,29.6,69.0,0.219,0.467,16.4,0.196,99.3,99.4,-0.10000000000000853
1974,Capital Bullets,CAP,True,47.0,35.0,82.0,0.573170731707317,95.6,94.2,1.4,106.3,0.48,0.441,15.3,30.6,70.5,0.177,0.451,16.3,0.16,95.6,94.2,1.3999999999999915
1974,Chicago Bulls,CHI,True,54.0,28.0,82.0,0.6585365853658537,96.7,93.6,3.1,105.0,0.498,0.446,16.8,29.5,69.7,0.242,0.46,18.9,0.197,96.7,93.6,3.1000000000000085
1974,Cleveland Cavaliers,CLE,False,29.0,53.0,82.0,0.35365853658536583,96.0,100.1,-4.1,104.1,0.48,0.439,15.3,31.3,68.7,0.177,0.469,16.6,0.231,96.0,100.1,-4.099999999999994
1974,Detroit Pistons,DET,True,52.0,30.0,82.0,0.6341463414634146,97.6,93.8,3.8,106.5,0.505,0.459,17.2,31.3,69.6,0.22,0.45,17.9,0.197,97.6,93.8,3.799999999999997
1974,Golden State Warriors,GSW,False,44.0,38.0,82.0,0.5365853658536586,100.8,98.4,2.4,108.9,0.506,0.464,15.8,33.8,71.2,0.196,0.453,14.2,0.195,100.8,98.4,2.3999999999999915
1974,Houston Rockets,HOU,False,32.0,50.0,82.0,0.3902439024390244,100.3,100.5,-0.2,106.1,0.528,0.48,16.8,28.9,69.0,0.227,0.478,17.0,0.231,100.3,100.5,-0.20000000000000284
1974,Kansas City-Omaha Kings,KCO,False,33.0,49.0,82.0,0.4024390243902439,96.0,99.5,-3.5,106.1,0.506,0.459,17.8,29.6,67.9,0.222,0.476,17.4,0.201,96.0,99.5,-3.5
1974,Los Angeles Lakers,LAL,True,47.0,35.0,82.0,0.573170731707317,97.4,96.6,0.8,111.7,0.504,0.453,17.7,32.9,66.1,0.241,0.438,15.7,0.185,97.4,96.6,0.8000000000000114
1974,Milwaukee Bucks,MIL,True,59.0,23.0,82.0,0.7195121951219512,101.2,93.6,7.6,105.4,0.527,0.492,16.9,31.3,69.4,0.175,0.425,15.2,0.192,101.2,93.6,7.6000000000000085
1974,New York Knicks,NYK,True,49.0,33.0,82.0,0.5975609756097561,97.4,94.7,2.7,103.5,0.504,0.465,15.1,25.6,72.3,0.18,0.446,15.9,0.203,97.4,94.7,2.700000000000003
1974,Philadelphia 76ers,PHI,False,25.0,57.0,82.0,0.3048780487804878,93.1,99.0,-5.9,108.3,0.48,0.432,16.2,27.6,66.7,0.212,0.468,17.6,0.21,93.1,99.0,-5.900000000000006
1974,Phoenix Suns,PHO,False,30.0,52.0,82.0,0.36585365853658536,98.1,101.3,-3.2,109.6,0.508,0.46,16.1,28.2,69.1,0.225,0.467,15.6,0.236,98.1,101.3,-3.200000000000003
1974,Portland Trail Blazers,POR,False,27.0,55.0,82.0,0.32926829268292684,98.2,102.6,-4.4,108.5,0.509,0.467,17.5,31.9,68.5,0.207,0.484,16.6,0.241,98.2,102.6,-4.3999999999999915
1974,Seattle SuperSonics,SEA,False,36.0,46.0,82.0,0.43902439024390244,96.8,99.1,-2.3,110.2,0.489,0.445,15.3,31.1,69.8,0.199,0.463,17.0,0.244,96.8,99.1,-2.299999999999997
